Code,Name,Industry
000001.SZ,平安银行,银行
000002.SZ,万科A,房地产
000004.SZ,国农科技,医药生物
000005.SZ,世纪星源,公用事业
000006.SZ,深振业A,房地产
000007.SZ,全新好,综合
000008.SZ,神州高铁,机械设备
000009.SZ,中国宝安,综合
000010.SZ,美丽生态,建筑装饰
000011.SZ,深物业A,房地产
000012.SZ,南玻A,建筑材料
000014.SZ,沙河股份,房地产
000016.SZ,深康佳A,家用电器
000017.SZ,深中华A,汽车
000018.SZ,神州长城,建筑装饰
000019.SZ,深深宝A,食品饮料
000020.SZ,深华发A,电子
000021.SZ,深科技,计算机
000022.SZ,深赤湾A,交通运输
000023.SZ,深天地A,建筑材料
000025.SZ,特力A,汽车
000026.SZ,飞亚达A,轻工制造
000027.SZ,深圳能源,公用事业
000028.SZ,国药一致,医药生物
000029.SZ,深深房A,房地产
000030.SZ,富奥股份,汽车
000031.SZ,中粮地产,房地产
000032.SZ,深桑达A,通信
000034.SZ,神州数码,计算机
000035.SZ,中国天楹,公用事业
000036.SZ,华联控股,房地产
000037.SZ,深南电A,公用事业
000038.SZ,深大通,传媒
000039.SZ,中集集团,机械设备
000040.SZ,东旭蓝天,公用事业
000042.SZ,中洲控股,房地产
000043.SZ,中航善达,房地产
000045.SZ,深纺织A,电子
000046.SZ,泛海控股,房地产
000048.SZ,*ST康达,农林牧渔
000049.SZ,德赛电池,电子
000050.SZ,深天马A,电子
000055.SZ,方大集团,建筑装饰
000056.SZ,皇庭国际,房地产
000058.SZ,深赛格,商业贸易
000059.SZ,华锦股份,化工
000060.SZ,中金岭南,有色金属
000061.SZ,农产品,商业贸易
000062.SZ,深圳华强,电子
000063.SZ,中兴通讯,通信
000065.SZ,北方国际,建筑装饰
000066.SZ,中国长城,计算机
000068.SZ,华控赛格,公用事业
000069.SZ,华侨城A,房地产
000070.SZ,特发信息,通信
000078.SZ,海王生物,医药生物
000088.SZ,盐田港,交通运输
000089.SZ,深圳机场,交通运输
000090.SZ,天健集团,房地产
000096.SZ,广聚能源,化工
000099.SZ,中信海直,交通运输
000100.SZ,TCL集团,家用电器
000150.SZ,宜华健康,医药生物
000151.SZ,中成股份,商业贸易
000153.SZ,丰原药业,医药生物
000155.SZ,川化股份,商业贸易
000156.SZ,华数传媒,传媒
000157.SZ,中联重科,机械设备
000158.SZ,常山北明,计算机
000159.SZ,国际实业,化工
000166.SZ,申万宏源,非银金融
000301.SZ,东方市场,公用事业
000333.SZ,美的集团,家用电器
000338.SZ,潍柴动力,汽车
000400.SZ,许继电气,电气设备
000401.SZ,冀东水泥,建筑材料
000402.SZ,金融街,房地产
000403.SZ,ST生化,医药生物
000404.SZ,长虹华意,家用电器
000407.SZ,胜利股份,公用事业
000408.SZ,藏格控股,化工
000409.SZ,*ST地矿,综合
000410.SZ,沈阳机床,机械设备
000411.SZ,英特集团,医药生物
000413.SZ,东旭光电,电子
000415.SZ,渤海金控,非银金融
000416.SZ,民生控股,非银金融
000417.SZ,合肥百货,商业贸易
000418.SZ,小天鹅A,家用电器
000419.SZ,通程控股,商业贸易
000420.SZ,吉林化纤,化工
000421.SZ,南京公用,公用事业
000422.SZ,*ST宜化,化工
000423.SZ,东阿阿胶,医药生物
000425.SZ,徐工机械,机械设备
000426.SZ,兴业矿业,有色金属
000428.SZ,华天酒店,休闲服务
000429.SZ,粤高速A,交通运输
000430.SZ,张家界,休闲服务
000488.SZ,晨鸣纸业,轻工制造
000498.SZ,山东路桥,建筑装饰
000501.SZ,鄂武商A,商业贸易
000502.SZ,绿景控股,房地产
000503.SZ,国新健康,医药生物
000504.SZ,南华生物,传媒
000505.SZ,京粮控股,农林牧渔
000506.SZ,中润资源,房地产
000507.SZ,珠海港,交通运输
000509.SZ,华塑控股,建筑材料
000510.SZ,金路集团,化工
000513.SZ,丽珠集团,医药生物
000514.SZ,渝开发,房地产
000516.SZ,国际医学,商业贸易
000517.SZ,荣安地产,房地产
000518.SZ,四环生物,医药生物
000519.SZ,中兵红箭,国防军工
000520.SZ,长航凤凰,交通运输
000521.SZ,长虹美菱,家用电器
000523.SZ,广州浪奇,化工
000524.SZ,岭南控股,休闲服务
000525.SZ,红太阳,化工
000526.SZ,紫光学大,传媒
000528.SZ,柳工,机械设备
000529.SZ,广弘控股,综合
000530.SZ,大冷股份,机械设备
000531.SZ,穗恒运A,公用事业
000532.SZ,华金资本,电子
000533.SZ,万家乐,家用电器
000534.SZ,万泽股份,房地产
000536.SZ,华映科技,电子
000537.SZ,广宇发展,房地产
000538.SZ,云南白药,医药生物
000539.SZ,粤电力A,公用事业
000540.SZ,中天金融,房地产
000541.SZ,佛山照明,电子
000543.SZ,皖能电力,公用事业
000544.SZ,中原环保,公用事业
000545.SZ,金浦钛业,化工
000546.SZ,金圆股份,建筑材料
000547.SZ,航天发展,国防军工
000548.SZ,湖南投资,交通运输
000550.SZ,江铃汽车,汽车
000551.SZ,创元科技,机械设备
000552.SZ,靖远煤电,采掘
000553.SZ,沙隆达A,化工
000554.SZ,泰山石油,化工
000555.SZ,神州信息,计算机
000557.SZ,西部创业,交通运输
000558.SZ,莱茵体育,房地产
000559.SZ,万向钱潮,汽车
000560.SZ,我爱我家,商业贸易
000561.SZ,烽火电子,通信
000563.SZ,陕国投A,非银金融
000564.SZ,供销大集,商业贸易
000565.SZ,渝三峡A,化工
000566.SZ,海南海药,医药生物
000567.SZ,海德股份,非银金融
000568.SZ,泸州老窖,食品饮料
000570.SZ,苏常柴A,机械设备
000571.SZ,新大洲A,采掘
000572.SZ,海马汽车,汽车
000573.SZ,粤宏远A,房地产
000576.SZ,广东甘化,农林牧渔
000581.SZ,威孚高科,汽车
000582.SZ,北部湾港,交通运输
000584.SZ,哈工智能,机械设备
000585.SZ,*ST东电,电气设备
000586.SZ,汇源通信,通信
000587.SZ,金洲慈航,轻工制造
000589.SZ,黔轮胎A,化工
000590.SZ,启迪古汉,医药生物
000591.SZ,太阳能,电气设备
000592.SZ,平潭发展,农林牧渔
000593.SZ,大通燃气,公用事业
000595.SZ,宝塔实业,机械设备
000596.SZ,古井贡酒,食品饮料
000597.SZ,东北制药,医药生物
000598.SZ,兴蓉环境,公用事业
000599.SZ,青岛双星,化工
000600.SZ,建投能源,公用事业
000601.SZ,韶能股份,公用事业
000603.SZ,盛达矿业,有色金属
000605.SZ,渤海股份,公用事业
000606.SZ,顺利办,计算机
000607.SZ,华媒控股,传媒
000608.SZ,阳光股份,房地产
000609.SZ,中迪投资,房地产
000610.SZ,西安旅游,休闲服务
000611.SZ,天首发展,纺织服装
000612.SZ,焦作万方,有色金属
000613.SZ,大东海A,休闲服务
000615.SZ,京汉股份,房地产
000616.SZ,海航投资,房地产
000617.SZ,中油资本,非银金融
000619.SZ,海螺型材,建筑材料
000620.SZ,新华联,房地产
000622.SZ,恒立实业,汽车
000623.SZ,吉林敖东,医药生物
000625.SZ,长安汽车,汽车
000626.SZ,远大控股,商业贸易
000627.SZ,天茂集团,非银金融
000628.SZ,高新发展,建筑装饰
000629.SZ,攀钢钒钛,采掘
000630.SZ,铜陵有色,有色金属
000631.SZ,顺发恒业,房地产
000632.SZ,三木集团,综合
000633.SZ,合金投资,有色金属
000635.SZ,英力特,化工
000636.SZ,风华高科,电子
000637.SZ,茂化实华,化工
000638.SZ,万方发展,综合
000639.SZ,西王食品,农林牧渔
000650.SZ,仁和药业,医药生物
000651.SZ,格力电器,家用电器
000652.SZ,泰达股份,综合
000655.SZ,*ST金岭,采掘
000656.SZ,金科股份,房地产
000657.SZ,中钨高新,有色金属
000659.SZ,珠海中富,轻工制造
000661.SZ,长春高新,医药生物
000662.SZ,天夏智慧,计算机
000663.SZ,永安林业,轻工制造
000665.SZ,湖北广电,传媒
000666.SZ,经纬纺机,非银金融
000667.SZ,美好置业,房地产
000668.SZ,荣丰控股,房地产
000669.SZ,金鸿控股,公用事业
000670.SZ,盈方微,电子
000671.SZ,阳光城,房地产
000672.SZ,上峰水泥,建筑材料
000673.SZ,当代东方,传媒
000676.SZ,智度股份,传媒
000677.SZ,恒天海龙,化工
000678.SZ,襄阳轴承,汽车
000679.SZ,大连友谊,房地产
000680.SZ,山推股份,机械设备
000681.SZ,视觉中国,传媒
000682.SZ,东方电子,电气设备
000683.SZ,远兴能源,化工
000685.SZ,中山公用,公用事业
000686.SZ,东北证券,非银金融
000687.SZ,华讯方舟,通信
000688.SZ,国城矿业,有色金属
000690.SZ,宝新能源,公用事业
000691.SZ,亚太实业,房地产
000692.SZ,惠天热电,公用事业
000693.SZ,*ST华泽,有色金属
000695.SZ,滨海能源,公用事业
000697.SZ,炼石有色,有色金属
000698.SZ,沈阳化工,化工
000700.SZ,模塑科技,汽车
000701.SZ,厦门信达,电子
000702.SZ,正虹科技,农林牧渔
000703.SZ,恒逸石化,化工
000705.SZ,浙江震元,医药生物
000707.SZ,*ST双环,化工
000708.SZ,大冶特钢,钢铁
000709.SZ,河钢股份,钢铁
000710.SZ,贝瑞基因,医药生物
000711.SZ,京蓝科技,公用事业
000712.SZ,锦龙股份,非银金融
000713.SZ,丰乐种业,农林牧渔
000715.SZ,中兴商业,商业贸易
000716.SZ,黑芝麻,食品饮料
000717.SZ,韶钢松山,钢铁
000718.SZ,苏宁环球,房地产
000719.SZ,中原传媒,传媒
000720.SZ,*ST新能,公用事业
000721.SZ,西安饮食,休闲服务
000722.SZ,湖南发展,公用事业
000723.SZ,美锦能源,采掘
000725.SZ,京东方A,电子
000726.SZ,鲁泰A,纺织服装
000727.SZ,华东科技,电子
000728.SZ,国元证券,非银金融
000729.SZ,燕京啤酒,食品饮料
000731.SZ,四川美丰,化工
000732.SZ,泰禾集团,房地产
000733.SZ,振华科技,电子
000735.SZ,罗牛山,农林牧渔
000736.SZ,中交地产,房地产
000737.SZ,*ST南风,化工
000738.SZ,航发控制,国防军工
000739.SZ,普洛药业,医药生物
000750.SZ,国海证券,非银金融
000751.SZ,锌业股份,有色金属
000752.SZ,西藏发展,食品饮料
000753.SZ,漳州发展,汽车
000755.SZ,*ST三维,化工
000756.SZ,新华制药,医药生物
000757.SZ,浩物股份,汽车
000758.SZ,中色股份,有色金属
000759.SZ,中百集团,商业贸易
000760.SZ,斯太尔,汽车
000761.SZ,本钢板材,钢铁
000762.SZ,西藏矿业,采掘
000766.SZ,通化金马,医药生物
000767.SZ,漳泽电力,公用事业
000768.SZ,中航飞机,国防军工
000776.SZ,广发证券,非银金融
000777.SZ,中核科技,机械设备
000778.SZ,新兴铸管,钢铁
000779.SZ,三毛派神,纺织服装
000780.SZ,平庄能源,采掘
000782.SZ,美达股份,化工
000783.SZ,长江证券,非银金融
000785.SZ,武汉中商,商业贸易
000786.SZ,北新建材,建筑材料
000788.SZ,北大医药,医药生物
000789.SZ,万年青,建筑材料
000790.SZ,泰合健康,医药生物
000791.SZ,甘肃电投,公用事业
000792.SZ,盐湖股份,化工
000793.SZ,华闻传媒,传媒
000795.SZ,英洛华,有色金属
000796.SZ,凯撒旅游,休闲服务
000797.SZ,中国武夷,房地产
000798.SZ,中水渔业,农林牧渔
000799.SZ,酒鬼酒,食品饮料
000800.SZ,一汽轿车,汽车
000801.SZ,四川九洲,家用电器
000802.SZ,北京文化,传媒
000803.SZ,*ST金宇,房地产
000806.SZ,银河生物,电气设备
000807.SZ,云铝股份,有色金属
000809.SZ,铁岭新城,房地产
000810.SZ,创维数字,家用电器
000811.SZ,冰轮环境,机械设备
000812.SZ,陕西金叶,轻工制造
000813.SZ,德展健康,医药生物
000815.SZ,美利云,轻工制造
000816.SZ,*ST慧业,机械设备
000818.SZ,航锦科技,化工
000819.SZ,岳阳兴长,化工
000820.SZ,神雾节能,公用事业
000821.SZ,京山轻机,机械设备
000822.SZ,山东海化,化工
000823.SZ,超声电子,电子
000825.SZ,太钢不锈,钢铁
000826.SZ,启迪桑德,公用事业
000828.SZ,东莞控股,交通运输
000829.SZ,天音控股,商业贸易
000830.SZ,鲁西化工,化工
000831.SZ,五矿稀土,有色金属
000833.SZ,粤桂股份,综合
000835.SZ,长城动漫,传媒
000836.SZ,鑫茂科技,通信
000837.SZ,秦川机床,机械设备
000838.SZ,财信发展,房地产
000839.SZ,中信国安,综合
000848.SZ,承德露露,食品饮料
000850.SZ,华茂股份,纺织服装
000851.SZ,高鸿股份,通信
000852.SZ,石化机械,机械设备
000856.SZ,冀东装备,机械设备
000858.SZ,五粮液,食品饮料
000859.SZ,国风塑业,化工
000860.SZ,顺鑫农业,食品饮料
000861.SZ,海印股份,商业贸易
000862.SZ,银星能源,公用事业
000863.SZ,三湘印象,休闲服务
000868.SZ,安凯客车,汽车
000869.SZ,张裕A,食品饮料
000875.SZ,吉电股份,公用事业
000876.SZ,新希望,农林牧渔
000877.SZ,天山股份,建筑材料
000878.SZ,云南铜业,有色金属
000880.SZ,潍柴重机,机械设备
000881.SZ,中广核技,综合
000882.SZ,华联股份,商业贸易
000883.SZ,湖北能源,公用事业
000885.SZ,同力水泥,建筑材料
000886.SZ,海南高速,交通运输
000887.SZ,中鼎股份,汽车
000888.SZ,峨眉山A,休闲服务
000889.SZ,茂业通信,通信
000890.SZ,法尔胜,机械设备
000892.SZ,欢瑞世纪,传媒
000893.SZ,*ST东凌,农林牧渔
000895.SZ,双汇发展,食品饮料
000897.SZ,津滨发展,房地产
000898.SZ,鞍钢股份,钢铁
000899.SZ,赣能股份,公用事业
000900.SZ,现代投资,交通运输
000901.SZ,航天科技,机械设备
000902.SZ,新洋丰,化工
000903.SZ,云内动力,汽车
000905.SZ,厦门港务,交通运输
000906.SZ,浙商中拓,商业贸易
000908.SZ,景峰医药,医药生物
000909.SZ,数源科技,房地产
000910.SZ,大亚圣象,轻工制造
000911.SZ,南宁糖业,农林牧渔
000912.SZ,*ST天化,化工
000913.SZ,钱江摩托,汽车
000915.SZ,山大华特,医药生物
000917.SZ,电广传媒,传媒
000918.SZ,嘉凯城,房地产
000919.SZ,金陵药业,医药生物
000920.SZ,南方汇通,公用事业
000921.SZ,海信科龙,家用电器
000922.SZ,*ST佳电,电气设备
000923.SZ,河北宣工,机械设备
000925.SZ,众合科技,机械设备
000926.SZ,福星股份,房地产
000927.SZ,一汽夏利,汽车
000928.SZ,中钢国际,建筑装饰
000929.SZ,兰州黄河,食品饮料
000930.SZ,中粮生化,农林牧渔
000931.SZ,中关村,综合
000932.SZ,华菱钢铁,钢铁
000933.SZ,神火股份,有色金属
000935.SZ,四川双马,建筑材料
000936.SZ,华西股份,化工
000937.SZ,冀中能源,采掘
000938.SZ,紫光股份,计算机
000939.SZ,*ST凯迪,公用事业
000948.SZ,南天信息,计算机
000949.SZ,新乡化纤,化工
000950.SZ,重药控股,化工
000951.SZ,中国重汽,汽车
000952.SZ,广济药业,医药生物
000953.SZ,ST河化,化工
000955.SZ,欣龙控股,纺织服装
000957.SZ,中通客车,汽车
000958.SZ,东方能源,公用事业
000959.SZ,首钢股份,钢铁
000960.SZ,锡业股份,有色金属
000961.SZ,中南建设,房地产
000962.SZ,东方钽业,有色金属
000963.SZ,华东医药,医药生物
000965.SZ,天保基建,房地产
000966.SZ,长源电力,公用事业
000967.SZ,盈峰环境,公用事业
000968.SZ,蓝焰控股,采掘
000969.SZ,安泰科技,有色金属
000970.SZ,中科三环,有色金属
000971.SZ,高升控股,通信
000972.SZ,*ST中基,农林牧渔
000973.SZ,佛塑科技,化工
000975.SZ,银泰资源,有色金属
000976.SZ,华铁股份,机械设备
000977.SZ,浪潮信息,计算机
000978.SZ,桂林旅游,休闲服务
000979.SZ,中弘股份,房地产
000980.SZ,众泰汽车,汽车
000981.SZ,银亿股份,房地产
000982.SZ,*ST中绒,纺织服装
000983.SZ,西山煤电,采掘
000985.SZ,大庆华科,化工
000987.SZ,越秀金控,非银金融
000988.SZ,华工科技,电子
000989.SZ,九芝堂,医药生物
000990.SZ,诚志股份,化工
000993.SZ,闽东电力,综合
000995.SZ,*ST皇台,食品饮料
000996.SZ,中国中期,汽车
000997.SZ,新大陆,计算机
000998.SZ,隆平高科,农林牧渔
000999.SZ,华润三九,医药生物
001696.SZ,宗申动力,汽车
001896.SZ,豫能控股,公用事业
001965.SZ,招商公路,交通运输
001979.SZ,招商蛇口,房地产
002001.SZ,新和成,医药生物
002002.SZ,鸿达兴业,化工
002003.SZ,伟星股份,纺织服装
002004.SZ,华邦健康,化工
002005.SZ,德豪润达,电子
002006.SZ,精功科技,机械设备
002007.SZ,华兰生物,医药生物
002008.SZ,大族激光,电子
002009.SZ,天奇股份,机械设备
002010.SZ,传化智联,交通运输
002011.SZ,盾安环境,家用电器
002012.SZ,凯恩股份,轻工制造
002013.SZ,中航机电,国防军工
002014.SZ,永新股份,轻工制造
002015.SZ,霞客环保,化工
002016.SZ,世荣兆业,房地产
002017.SZ,东信和平,通信
002018.SZ,*ST华信,综合
002019.SZ,亿帆医药,医药生物
002020.SZ,京新药业,医药生物
002021.SZ,中捷资源,机械设备
002022.SZ,科华生物,医药生物
002023.SZ,海特高新,国防军工
002024.SZ,苏宁易购,商业贸易
002025.SZ,航天电器,电子
002026.SZ,山东威达,机械设备
002027.SZ,分众传媒,传媒
002028.SZ,思源电气,电气设备
002029.SZ,七匹狼,纺织服装
002030.SZ,达安基因,医药生物
002031.SZ,巨轮智能,机械设备
002032.SZ,苏泊尔,家用电器
002033.SZ,丽江旅游,休闲服务
002034.SZ,旺能环境,纺织服装
002035.SZ,华帝股份,家用电器
002036.SZ,联创电子,电子
002037.SZ,久联发展,化工
002038.SZ,双鹭药业,医药生物
002039.SZ,黔源电力,公用事业
002040.SZ,南京港,交通运输
002041.SZ,登海种业,农林牧渔
002042.SZ,华孚时尚,纺织服装
002043.SZ,兔宝宝,建筑材料
002044.SZ,美年健康,医药生物
002045.SZ,国光电器,电子
002046.SZ,轴研科技,机械设备
002047.SZ,宝鹰股份,建筑装饰
002048.SZ,宁波华翔,汽车
002049.SZ,紫光国微,电子
002050.SZ,三花智控,家用电器
002051.SZ,中工国际,建筑装饰
002052.SZ,同洲电子,家用电器
002053.SZ,云南能投,化工
002054.SZ,德美化工,化工
002055.SZ,得润电子,电子
002056.SZ,横店东磁,电子
002057.SZ,中钢天源,有色金属
002058.SZ,威尔泰,电气设备
002059.SZ,云南旅游,休闲服务
002060.SZ,粤水电,建筑装饰
002061.SZ,浙江交科,建筑装饰
002062.SZ,宏润建设,建筑装饰
002063.SZ,远光软件,计算机
002064.SZ,华峰氨纶,化工
002065.SZ,东华软件,计算机
002066.SZ,瑞泰科技,建筑材料
002067.SZ,景兴纸业,轻工制造
002068.SZ,黑猫股份,化工
002069.SZ,獐子岛,农林牧渔
002070.SZ,*ST众和,有色金属
002071.SZ,长城影视,传媒
002072.SZ,凯瑞德,计算机
002073.SZ,软控股份,机械设备
002074.SZ,国轩高科,电气设备
002075.SZ,沙钢股份,钢铁
002076.SZ,雪莱特,电子
002077.SZ,大港股份,电子
002078.SZ,太阳纸业,轻工制造
002079.SZ,苏州固锝,电子
002080.SZ,中材科技,化工
002081.SZ,金螳螂,建筑装饰
002082.SZ,万邦德,建筑材料
002083.SZ,孚日股份,纺织服装
002084.SZ,海鸥住工,轻工制造
002085.SZ,万丰奥威,汽车
002086.SZ,东方海洋,农林牧渔
002087.SZ,新野纺织,纺织服装
002088.SZ,鲁阳节能,建筑材料
002089.SZ,新海宜,通信
002090.SZ,金智科技,电气设备
002091.SZ,江苏国泰,商业贸易
002092.SZ,中泰化学,化工
002093.SZ,国脉科技,通信
002094.SZ,青岛金王,化工
002095.SZ,生意宝,传媒
002096.SZ,南岭民爆,化工
002097.SZ,山河智能,机械设备
002098.SZ,浔兴股份,纺织服装
002099.SZ,海翔药业,医药生物
002100.SZ,天康生物,农林牧渔
002101.SZ,广东鸿图,汽车
002102.SZ,冠福股份,医药生物
002103.SZ,广博股份,传媒
002104.SZ,恒宝股份,通信
002105.SZ,信隆健康,汽车
002106.SZ,莱宝高科,电子
002107.SZ,沃华医药,医药生物
002108.SZ,沧州明珠,化工
002109.SZ,兴化股份,化工
002110.SZ,三钢闽光,钢铁
002111.SZ,威海广泰,机械设备
002112.SZ,三变科技,电气设备
002113.SZ,天润数娱,传媒
002114.SZ,罗平锌电,有色金属
002115.SZ,三维通信,通信
002116.SZ,中国海诚,建筑装饰
002117.SZ,东港股份,轻工制造
002118.SZ,紫鑫药业,医药生物
002119.SZ,康强电子,电子
002120.SZ,韵达股份,交通运输
002121.SZ,科陆电子,电气设备
002122.SZ,*ST天马,机械设备
002123.SZ,梦网集团,传媒
002124.SZ,天邦股份,农林牧渔
002125.SZ,湘潭电化,化工
002126.SZ,银轮股份,汽车
002127.SZ,南极电商,商业贸易
002128.SZ,露天煤业,采掘
002129.SZ,中环股份,电气设备
002130.SZ,沃尔核材,有色金属
002131.SZ,利欧股份,传媒
002132.SZ,恒星科技,机械设备
002133.SZ,广宇集团,房地产
002134.SZ,天津普林,电子
002135.SZ,东南网架,建筑装饰
002136.SZ,安纳达,化工
002137.SZ,麦达数字,传媒
002138.SZ,顺络电子,电子
002139.SZ,拓邦股份,电子
002140.SZ,东华科技,建筑装饰
002141.SZ,贤丰控股,电子
002142.SZ,宁波银行,银行
002143.SZ,印纪传媒,传媒
002144.SZ,宏达高科,纺织服装
002145.SZ,中核钛白,化工
002146.SZ,荣盛发展,房地产
002147.SZ,新光圆成,房地产
002148.SZ,北纬科技,传媒
002149.SZ,西部材料,有色金属
002150.SZ,通润装备,机械设备
002151.SZ,北斗星通,国防军工
002152.SZ,广电运通,计算机
002153.SZ,石基信息,计算机
002154.SZ,报喜鸟,纺织服装
002155.SZ,湖南黄金,有色金属
002156.SZ,通富微电,电子
002157.SZ,正邦科技,农林牧渔
002158.SZ,汉钟精机,机械设备
002159.SZ,三特索道,休闲服务
002160.SZ,常铝股份,有色金属
002161.SZ,远望谷,电子
002162.SZ,悦心健康,建筑材料
002163.SZ,中航三鑫,建筑材料
002164.SZ,宁波东力,机械设备
002165.SZ,红宝丽,化工
002166.SZ,莱茵生物,医药生物
002167.SZ,东方锆业,有色金属
002168.SZ,深圳惠程,电气设备
002169.SZ,智光电气,电气设备
002170.SZ,芭田股份,化工
002171.SZ,楚江新材,有色金属
002172.SZ,澳洋科技,化工
002173.SZ,创新医疗,医药生物
002174.SZ,游族网络,传媒
002175.SZ,东方网络,传媒
002176.SZ,江特电机,电气设备
002177.SZ,御银股份,计算机
002178.SZ,延华智能,建筑装饰
002179.SZ,中航光电,电子
002180.SZ,纳思达,电子
002181.SZ,粤传媒,传媒
002182.SZ,云海金属,有色金属
002183.SZ,怡亚通,交通运输
002184.SZ,海得控制,电气设备
002185.SZ,华天科技,电子
002186.SZ,全聚德,休闲服务
002187.SZ,广百股份,商业贸易
002188.SZ,*ST巴士,传媒
002189.SZ,利达光电,电子
002190.SZ,成飞集成,国防军工
002191.SZ,劲嘉股份,轻工制造
002192.SZ,融捷股份,机械设备
002193.SZ,如意集团,纺织服装
002194.SZ,*ST凡谷,通信
002195.SZ,二三四五,计算机
002196.SZ,方正电机,电气设备
002197.SZ,证通电子,计算机
002198.SZ,嘉应制药,医药生物
002199.SZ,东晶电子,电子
002200.SZ,云投生态,建筑装饰
002201.SZ,九鼎新材,化工
002202.SZ,金风科技,电气设备
002203.SZ,海亮股份,有色金属
002204.SZ,大连重工,机械设备
002205.SZ,国统股份,建筑材料
002206.SZ,海利得,化工
002207.SZ,*ST准油,采掘
002208.SZ,合肥城建,房地产
002209.SZ,达意隆,机械设备
002210.SZ,飞马国际,交通运输
002211.SZ,宏达新材,化工
002212.SZ,南洋股份,电气设备
002213.SZ,特尔佳,汽车
002214.SZ,大立科技,电子
002215.SZ,诺普信,化工
002216.SZ,三全食品,食品饮料
002217.SZ,合力泰,电子
002218.SZ,拓日新能,电气设备
002219.SZ,恒康医疗,医药生物
002220.SZ,天宝食品,农林牧渔
002221.SZ,东华能源,化工
002222.SZ,福晶科技,电子
002223.SZ,鱼跃医疗,医药生物
002224.SZ,三力士,化工
002225.SZ,濮耐股份,建筑材料
002226.SZ,江南化工,化工
002227.SZ,奥特迅,电气设备
002228.SZ,合兴包装,轻工制造
002229.SZ,鸿博股份,轻工制造
002230.SZ,科大讯飞,计算机
002231.SZ,奥维通信,通信
002232.SZ,启明信息,计算机
002233.SZ,塔牌集团,建筑材料
002234.SZ,民和股份,农林牧渔
002235.SZ,安妮股份,轻工制造
002236.SZ,大华股份,电子
002237.SZ,恒邦股份,有色金属
002238.SZ,天威视讯,传媒
002239.SZ,奥特佳,汽车
002240.SZ,威华股份,轻工制造
002241.SZ,歌尔股份,电子
002242.SZ,九阳股份,家用电器
002243.SZ,通产丽星,轻工制造
002244.SZ,滨江集团,房地产
002245.SZ,澳洋顺昌,交通运输
002246.SZ,北化股份,化工
002247.SZ,帝龙文化,传媒
002248.SZ,华东数控,机械设备
002249.SZ,大洋电机,电气设备
002250.SZ,联化科技,化工
002251.SZ,步步高,商业贸易
002252.SZ,上海莱士,医药生物
002253.SZ,川大智胜,计算机
002254.SZ,泰和新材,化工
002255.SZ,海陆重工,电气设备
002256.SZ,兆新股份,化工
002258.SZ,利尔化学,化工
002259.SZ,升达林业,公用事业
002260.SZ,*ST德奥,家用电器
002261.SZ,拓维信息,传媒
002262.SZ,恩华药业,医药生物
002263.SZ,*ST东南,化工
002264.SZ,新华都,商业贸易
002265.SZ,西仪股份,汽车
002266.SZ,浙富控股,电气设备
002267.SZ,陕天然气,公用事业
002268.SZ,卫士通,计算机
002269.SZ,美邦服饰,纺织服装
002270.SZ,华明装备,电气设备
002271.SZ,东方雨虹,建筑材料
002272.SZ,川润股份,机械设备
002273.SZ,水晶光电,电子
002274.SZ,华昌化工,化工
002275.SZ,桂林三金,医药生物
002276.SZ,万马股份,电气设备
002277.SZ,友阿股份,商业贸易
002278.SZ,神开股份,机械设备
002279.SZ,久其软件,计算机
002280.SZ,联络互动,计算机
002281.SZ,光迅科技,通信
002282.SZ,博深工具,机械设备
002283.SZ,天润曲轴,汽车
002284.SZ,亚太股份,汽车
002285.SZ,世联行,房地产
002286.SZ,保龄宝,农林牧渔
002287.SZ,奇正藏药,医药生物
002288.SZ,超华科技,电子
002289.SZ,宇顺电子,电子
002290.SZ,中科新材,家用电器
002291.SZ,星期六,纺织服装
002292.SZ,奥飞娱乐,传媒
002293.SZ,罗莱生活,纺织服装
002294.SZ,信立泰,医药生物
002295.SZ,精艺股份,有色金属
002296.SZ,辉煌科技,计算机
002297.SZ,博云新材,国防军工
002298.SZ,中电兴发,电气设备
002299.SZ,圣农发展,农林牧渔
002300.SZ,太阳电缆,电气设备
002301.SZ,齐心集团,轻工制造
002302.SZ,西部建设,建筑材料
002303.SZ,美盈森,轻工制造
002304.SZ,洋河股份,食品饮料
002305.SZ,南国置业,房地产
002306.SZ,*ST云网,休闲服务
002307.SZ,北新路桥,建筑装饰
002308.SZ,威创股份,计算机
002309.SZ,中利集团,电气设备
002310.SZ,东方园林,建筑装饰
002311.SZ,海大集团,农林牧渔
002312.SZ,三泰控股,计算机
002313.SZ,日海智能,通信
002314.SZ,南山控股,房地产
002315.SZ,焦点科技,传媒
002316.SZ,亚联发展,通信
002317.SZ,众生药业,医药生物
002318.SZ,久立特材,钢铁
002319.SZ,乐通股份,化工
002320.SZ,海峡股份,交通运输
002321.SZ,华英农业,农林牧渔
002322.SZ,理工环科,电气设备
002323.SZ,*ST百特,建筑材料
002324.SZ,普利特,化工
002325.SZ,洪涛股份,建筑装饰
002326.SZ,永太科技,化工
002327.SZ,富安娜,纺织服装
002328.SZ,新朋股份,汽车
002329.SZ,皇氏集团,食品饮料
002330.SZ,得利斯,食品饮料
002331.SZ,皖通科技,计算机
002332.SZ,仙琚制药,医药生物
002333.SZ,罗普斯金,建筑材料
002334.SZ,英威腾,电气设备
002335.SZ,科华恒盛,电气设备
002336.SZ,人人乐,商业贸易
002337.SZ,赛象科技,机械设备
002338.SZ,奥普光电,机械设备
002339.SZ,积成电子,电气设备
002340.SZ,格林美,有色金属
002341.SZ,新纶科技,公用事业
002342.SZ,巨力索具,机械设备
002343.SZ,慈文传媒,传媒
002344.SZ,海宁皮城,商业贸易
002345.SZ,潮宏基,轻工制造
002346.SZ,柘中股份,建筑材料
002347.SZ,泰尔股份,机械设备
002348.SZ,高乐股份,轻工制造
002349.SZ,精华制药,医药生物
002350.SZ,北京科锐,电气设备
002351.SZ,漫步者,电子
002352.SZ,顺丰控股,交通运输
002353.SZ,杰瑞股份,机械设备
002354.SZ,天神娱乐,传媒
002355.SZ,兴民智通,汽车
002356.SZ,赫美集团,轻工制造
002357.SZ,富临运业,交通运输
002358.SZ,森源电气,电气设备
002359.SZ,北讯集团,通信
002360.SZ,同德化工,化工
002361.SZ,神剑股份,化工
002362.SZ,汉王科技,计算机
002363.SZ,隆基机械,汽车
002364.SZ,中恒电气,电气设备
002365.SZ,永安药业,医药生物
002366.SZ,台海核电,机械设备
002367.SZ,康力电梯,机械设备
002368.SZ,太极股份,计算机
002369.SZ,卓翼科技,电子
002370.SZ,亚太药业,医药生物
002371.SZ,北方华创,电子
002372.SZ,伟星新材,建筑材料
002373.SZ,千方科技,计算机
002374.SZ,丽鹏股份,建筑装饰
002375.SZ,亚厦股份,建筑装饰
002376.SZ,新北洋,计算机
002377.SZ,国创高新,休闲服务
002378.SZ,章源钨业,有色金属
002379.SZ,宏创控股,有色金属
002380.SZ,科远股份,计算机
002381.SZ,双箭股份,化工
002382.SZ,蓝帆医疗,化工
002383.SZ,合众思壮,计算机
002384.SZ,东山精密,电子
002385.SZ,大北农,农林牧渔
002386.SZ,天原集团,化工
002387.SZ,维信诺,计算机
002388.SZ,新亚制程,电子
002389.SZ,南洋科技,电子
002390.SZ,信邦制药,医药生物
002391.SZ,长青股份,化工
002392.SZ,北京利尔,建筑材料
002393.SZ,力生制药,医药生物
002394.SZ,联发股份,纺织服装
002395.SZ,双象股份,化工
002396.SZ,星网锐捷,通信
002397.SZ,梦洁股份,纺织服装
002398.SZ,建研集团,建筑材料
002399.SZ,海普瑞,医药生物
002400.SZ,省广集团,传媒
002401.SZ,中远海科,计算机
002402.SZ,和而泰,电子
002403.SZ,爱仕达,家用电器
002404.SZ,嘉欣丝绸,纺织服装
002405.SZ,四维图新,计算机
002406.SZ,远东传动,汽车
002407.SZ,多氟多,化工
002408.SZ,齐翔腾达,化工
002409.SZ,雅克科技,化工
002410.SZ,广联达,计算机
002411.SZ,必康股份,医药生物
002412.SZ,汉森制药,医药生物
002413.SZ,雷科防务,国防军工
002414.SZ,高德红外,电子
002415.SZ,海康威视,电子
002416.SZ,爱施德,商业贸易
002417.SZ,深南股份,通信
002418.SZ,康盛股份,家用电器
002419.SZ,天虹股份,商业贸易
002420.SZ,毅昌股份,家用电器
002421.SZ,达实智能,计算机
002422.SZ,科伦药业,医药生物
002423.SZ,中原特钢,机械设备
002424.SZ,贵州百灵,医药生物
002425.SZ,凯撒文化,传媒
002426.SZ,胜利精密,机械设备
002427.SZ,*ST尤夫,化工
002428.SZ,云南锗业,有色金属
002429.SZ,兆驰股份,家用电器
002430.SZ,杭氧股份,机械设备
002431.SZ,棕榈股份,建筑装饰
002432.SZ,九安医疗,医药生物
002433.SZ,太安堂,医药生物
002434.SZ,万里扬,汽车
002435.SZ,长江润发,医药生物
002436.SZ,兴森科技,电子
002437.SZ,誉衡药业,医药生物
002438.SZ,江苏神通,机械设备
002439.SZ,启明星辰,计算机
002440.SZ,闰土股份,化工
002441.SZ,众业达,电气设备
002442.SZ,龙星化工,化工
002443.SZ,金洲管道,钢铁
002444.SZ,巨星科技,机械设备
002445.SZ,中南文化,传媒
002446.SZ,盛路通信,通信
002447.SZ,晨鑫科技,传媒
002448.SZ,中原内配,汽车
002449.SZ,国星光电,电子
002450.SZ,康得新,化工
002451.SZ,摩恩电气,电气设备
002452.SZ,长高集团,电气设备
002453.SZ,华软科技,化工
002454.SZ,松芝股份,汽车
002455.SZ,百川股份,化工
002456.SZ,欧菲科技,电子
002457.SZ,青龙管业,建筑材料
002458.SZ,益生股份,农林牧渔
002459.SZ,天业通联,机械设备
002460.SZ,赣锋锂业,有色金属
002461.SZ,珠江啤酒,食品饮料
002462.SZ,嘉事堂,医药生物
002463.SZ,沪电股份,电子
002464.SZ,众应互联,传媒
002465.SZ,海格通信,通信
002466.SZ,天齐锂业,有色金属
002467.SZ,二六三,通信
002468.SZ,申通快递,交通运输
002469.SZ,三维工程,建筑装饰
002470.SZ,金正大,化工
002471.SZ,中超控股,电气设备
002472.SZ,双环传动,汽车
002473.SZ,*ST圣莱,家用电器
002474.SZ,榕基软件,计算机
002475.SZ,立讯精密,电子
002476.SZ,宝莫股份,化工
002477.SZ,雏鹰农牧,农林牧渔
002478.SZ,常宝股份,钢铁
002479.SZ,富春环保,公用事业
002480.SZ,新筑股份,机械设备
002481.SZ,双塔食品,食品饮料
002482.SZ,广田集团,建筑装饰
002483.SZ,润邦股份,机械设备
002484.SZ,江海股份,电子
002485.SZ,希努尔,纺织服装
002486.SZ,嘉麟杰,纺织服装
002487.SZ,大金重工,机械设备
002488.SZ,金固股份,汽车
002489.SZ,浙江永强,轻工制造
002490.SZ,山东墨龙,机械设备
002491.SZ,通鼎互联,通信
002492.SZ,恒基达鑫,交通运输
002493.SZ,荣盛石化,化工
002494.SZ,华斯股份,纺织服装
002495.SZ,佳隆股份,食品饮料
002496.SZ,ST辉丰,化工
002497.SZ,雅化集团,化工
002498.SZ,汉缆股份,电气设备
002499.SZ,科林环保,机械设备
002500.SZ,山西证券,非银金融
002501.SZ,利源精制,有色金属
002502.SZ,骅威文化,传媒
002503.SZ,搜于特,纺织服装
002504.SZ,弘高创意,建筑装饰
002505.SZ,大康农业,农林牧渔
002506.SZ,协鑫集成,电气设备
002507.SZ,涪陵榨菜,食品饮料
002508.SZ,老板电器,家用电器
002509.SZ,天广中茂,机械设备
002510.SZ,天汽模,汽车
002511.SZ,中顺洁柔,轻工制造
002512.SZ,达华智能,计算机
002513.SZ,蓝丰生化,化工
002514.SZ,宝馨科技,机械设备
002515.SZ,金字火腿,食品饮料
002516.SZ,旷达科技,纺织服装
002517.SZ,恺英网络,传媒
002518.SZ,科士达,电气设备
002519.SZ,银河电子,家用电器
002520.SZ,日发精机,机械设备
002521.SZ,齐峰新材,轻工制造
002522.SZ,浙江众成,轻工制造
002523.SZ,天桥起重,机械设备
002524.SZ,光正集团,公用事业
002526.SZ,山东矿机,机械设备
002527.SZ,新时达,电气设备
002528.SZ,英飞拓,计算机
002529.SZ,海源复材,机械设备
002530.SZ,金财互联,计算机
002531.SZ,天顺风能,电气设备
002532.SZ,新界泵业,机械设备
002533.SZ,金杯电工,电气设备
002534.SZ,杭锅股份,电气设备
002535.SZ,林州重机,机械设备
002536.SZ,西泵股份,汽车
002537.SZ,海联金汇,机械设备
002538.SZ,司尔特,化工
002539.SZ,云图控股,化工
002540.SZ,亚太科技,有色金属
002541.SZ,鸿路钢构,建筑装饰
002542.SZ,中化岩土,建筑装饰
002543.SZ,万和电气,家用电器
002544.SZ,杰赛科技,通信
002545.SZ,东方铁塔,建筑装饰
002546.SZ,新联电子,电气设备
002547.SZ,春兴精工,电子
002548.SZ,金新农,农林牧渔
002549.SZ,凯美特气,化工
002550.SZ,千红制药,医药生物
002551.SZ,尚荣医疗,医药生物
002552.SZ,*ST宝鼎,机械设备
002553.SZ,南方轴承,汽车
002554.SZ,惠博普,采掘
002555.SZ,三七互娱,传媒
002556.SZ,辉隆股份,化工
002557.SZ,洽洽食品,食品饮料
002558.SZ,巨人网络,传媒
002559.SZ,亚威股份,机械设备
002560.SZ,通达股份,电气设备
002561.SZ,徐家汇,商业贸易
002562.SZ,兄弟科技,化工
002563.SZ,森马服饰,纺织服装
002564.SZ,天沃科技,机械设备
002565.SZ,顺灏股份,轻工制造
002566.SZ,益盛药业,医药生物
002567.SZ,唐人神,农林牧渔
002568.SZ,百润股份,食品饮料
002569.SZ,步森股份,纺织服装
002570.SZ,*ST因美,食品饮料
002571.SZ,德力股份,轻工制造
002572.SZ,索菲亚,轻工制造
002573.SZ,清新环境,公用事业
002574.SZ,明牌珠宝,轻工制造
002575.SZ,群兴玩具,轻工制造
002576.SZ,通达动力,电气设备
002577.SZ,雷柏科技,计算机
002578.SZ,闽发铝业,有色金属
002579.SZ,中京电子,电子
002580.SZ,圣阳股份,电气设备
002581.SZ,未名医药,医药生物
002582.SZ,好想你,食品饮料
002583.SZ,海能达,通信
002584.SZ,西陇科学,化工
002585.SZ,双星新材,轻工制造
002586.SZ,围海股份,建筑装饰
002587.SZ,奥拓电子,电子
002588.SZ,史丹利,化工
002589.SZ,瑞康医药,医药生物
002590.SZ,万安科技,汽车
002591.SZ,恒大高新,传媒
002592.SZ,八菱科技,汽车
002593.SZ,日上集团,汽车
002594.SZ,比亚迪,汽车
002595.SZ,豪迈科技,机械设备
002596.SZ,海南瑞泽,建筑材料
002597.SZ,金禾实业,化工
002598.SZ,山东章鼓,机械设备
002599.SZ,盛通股份,轻工制造
002600.SZ,领益智造,电子
002601.SZ,龙蟒佰利,化工
002602.SZ,世纪华通,传媒
002603.SZ,以岭药业,医药生物
002604.SZ,*ST龙力,农林牧渔
002605.SZ,姚记扑克,轻工制造
002606.SZ,大连电瓷,电气设备
002607.SZ,亚夏汽车,汽车
002608.SZ,江苏国信,公用事业
002609.SZ,捷顺科技,计算机
002610.SZ,爱康科技,电气设备
002611.SZ,东方精工,汽车
002612.SZ,朗姿股份,纺织服装
002613.SZ,北玻股份,机械设备
002614.SZ,奥佳华,家用电器
002615.SZ,哈尔斯,轻工制造
002616.SZ,长青集团,家用电器
002617.SZ,露笑科技,电气设备
002618.SZ,丹邦科技,电子
002619.SZ,艾格拉斯,传媒
002620.SZ,瑞和股份,建筑装饰
002621.SZ,三垒股份,机械设备
002622.SZ,融钰集团,电气设备
002623.SZ,亚玛顿,建筑材料
002624.SZ,完美世界,传媒
002625.SZ,光启技术,汽车
002626.SZ,金达威,医药生物
002627.SZ,宜昌交运,交通运输
002628.SZ,成都路桥,建筑装饰
002629.SZ,仁智股份,采掘
002630.SZ,华西能源,电气设备
002631.SZ,德尔未来,轻工制造
002632.SZ,道明光学,化工
002633.SZ,申科股份,机械设备
002634.SZ,棒杰股份,纺织服装
002635.SZ,安洁科技,电子
002636.SZ,金安国纪,电子
002637.SZ,赞宇科技,化工
002638.SZ,勤上股份,传媒
002639.SZ,雪人股份,机械设备
002640.SZ,跨境通,商业贸易
002641.SZ,永高股份,建筑材料
002642.SZ,荣之联,计算机
002643.SZ,万润股份,化工
002644.SZ,佛慈制药,医药生物
002645.SZ,华宏科技,机械设备
002646.SZ,青青稞酒,食品饮料
002647.SZ,仁东控股,非银金融
002648.SZ,卫星石化,化工
002649.SZ,博彦科技,计算机
002650.SZ,加加食品,食品饮料
002651.SZ,利君股份,机械设备
002652.SZ,扬子新材,建筑材料
002653.SZ,海思科,医药生物
002654.SZ,万润科技,传媒
002655.SZ,共达电声,电子
002656.SZ,摩登大道,纺织服装
002657.SZ,中科金财,计算机
002658.SZ,雪迪龙,机械设备
002659.SZ,凯文教育,传媒
002660.SZ,茂硕电源,电子
002661.SZ,克明面业,食品饮料
002662.SZ,京威股份,汽车
002663.SZ,普邦股份,建筑装饰
002664.SZ,长鹰信质,汽车
002665.SZ,首航节能,电气设备
002666.SZ,德联集团,化工
002667.SZ,鞍重股份,机械设备
002668.SZ,奥马电器,家用电器
002669.SZ,康达新材,化工
002670.SZ,国盛金控,非银金融
002671.SZ,龙泉股份,建筑材料
002672.SZ,东江环保,公用事业
002673.SZ,西部证券,非银金融
002674.SZ,兴业科技,纺织服装
002675.SZ,东诚药业,医药生物
002676.SZ,顺威股份,家用电器
002677.SZ,浙江美大,家用电器
002678.SZ,珠江钢琴,轻工制造
002679.SZ,福建金森,农林牧渔
002680.SZ,ST长生,医药生物
002681.SZ,奋达科技,家用电器
002682.SZ,龙洲股份,交通运输
002683.SZ,宏大爆破,化工
002684.SZ,猛狮科技,汽车
002685.SZ,华东重机,机械设备
002686.SZ,亿利达,机械设备
002687.SZ,乔治白,纺织服装
002688.SZ,金河生物,农林牧渔
002689.SZ,远大智能,机械设备
002690.SZ,美亚光电,机械设备
002691.SZ,冀凯股份,机械设备
002692.SZ,睿康股份,电气设备
002693.SZ,双成药业,医药生物
002694.SZ,顾地科技,建筑材料
002695.SZ,煌上煌,食品饮料
002696.SZ,百洋股份,农林牧渔
002697.SZ,红旗连锁,商业贸易
002698.SZ,博实股份,机械设备
002699.SZ,美盛文化,传媒
002700.SZ,新疆浩源,公用事业
002701.SZ,奥瑞金,轻工制造
002702.SZ,海欣食品,食品饮料
002703.SZ,浙江世宝,汽车
002705.SZ,新宝股份,家用电器
002706.SZ,良信电器,电气设备
002707.SZ,众信旅游,休闲服务
002708.SZ,光洋股份,汽车
002709.SZ,天赐材料,化工
002711.SZ,欧浦智网,交通运输
002712.SZ,思美传媒,传媒
002713.SZ,东易日盛,建筑装饰
002714.SZ,牧原股份,农林牧渔
002715.SZ,登云股份,汽车
002716.SZ,金贵银业,有色金属
002717.SZ,岭南股份,建筑装饰
002718.SZ,友邦吊顶,建筑材料
002719.SZ,麦趣尔,食品饮料
002721.SZ,金一文化,轻工制造
002722.SZ,金轮股份,机械设备
002723.SZ,金莱特,家用电器
002724.SZ,海洋王,电子
002725.SZ,跃岭股份,汽车
002726.SZ,龙大肉食,食品饮料
002727.SZ,一心堂,医药生物
002728.SZ,特一药业,医药生物
002729.SZ,好利来,电子
002730.SZ,电光科技,机械设备
002731.SZ,萃华珠宝,轻工制造
002732.SZ,燕塘乳业,食品饮料
002733.SZ,雄韬股份,电气设备
002734.SZ,利民股份,化工
002735.SZ,王子新材,轻工制造
002736.SZ,国信证券,非银金融
002737.SZ,葵花药业,医药生物
002738.SZ,中矿资源,采掘
002739.SZ,万达电影,传媒
002740.SZ,爱迪尔,轻工制造
002741.SZ,光华科技,化工
002742.SZ,三圣股份,建筑材料
002743.SZ,富煌钢构,建筑装饰
002745.SZ,木林森,电子
002746.SZ,仙坛股份,农林牧渔
002747.SZ,埃斯顿,电气设备
002748.SZ,世龙实业,化工
002749.SZ,国光股份,化工
002750.SZ,龙津药业,医药生物
002751.SZ,易尚展示,轻工制造
002752.SZ,N兴股份,轻工制造
002753.SZ,永东股份,化工
002755.SZ,东方新星,建筑装饰
002756.SZ,永兴特钢,钢铁
002757.SZ,南兴装备,机械设备
002758.SZ,华通医药,医药生物
002759.SZ,天际股份,家用电器
002760.SZ,凤形股份,机械设备
002761.SZ,多喜爱,纺织服装
002762.SZ,金发拉比,纺织服装
002763.SZ,汇洁股份,纺织服装
002765.SZ,蓝黛传动,汽车
002766.SZ,索菱股份,计算机
002767.SZ,先锋电子,电气设备
002768.SZ,国恩股份,化工
002769.SZ,普路通,交通运输
002770.SZ,科迪乳业,食品饮料
002771.SZ,真视通,计算机
002772.SZ,众兴菌业,农林牧渔
002773.SZ,康弘药业,医药生物
002774.SZ,快意电梯,机械设备
002775.SZ,文科园林,建筑装饰
002776.SZ,柏堡龙,纺织服装
002777.SZ,久远银海,计算机
002778.SZ,高科石化,化工
002779.SZ,中坚科技,机械设备
002780.SZ,三夫户外,纺织服装
002781.SZ,奇信股份,建筑装饰
002782.SZ,可立克,电子
002783.SZ,凯龙股份,化工
002785.SZ,万里石,建筑材料
002786.SZ,银宝山新,机械设备
002787.SZ,华源控股,轻工制造
002788.SZ,鹭燕医药,医药生物
002789.SZ,建艺集团,建筑装饰
002790.SZ,瑞尔特,轻工制造
002791.SZ,坚朗五金,建筑材料
002792.SZ,通宇通讯,通信
002793.SZ,东音股份,机械设备
002795.SZ,永和智控,建筑材料
002796.SZ,世嘉科技,机械设备
002797.SZ,第一创业,非银金融
002798.SZ,帝欧家居,轻工制造
002799.SZ,环球印务,轻工制造
002800.SZ,天顺股份,交通运输
002801.SZ,微光股份,电气设备
002802.SZ,洪汇新材,化工
002803.SZ,吉宏股份,轻工制造
002805.SZ,丰元股份,化工
002806.SZ,华锋股份,有色金属
002807.SZ,江阴银行,银行
002808.SZ,苏州恒久,电子
002809.SZ,红墙股份,化工
002810.SZ,山东赫达,化工
002811.SZ,亚泰国际,建筑装饰
002812.SZ,创新股份,轻工制造
002813.SZ,路畅科技,通信
002815.SZ,崇达技术,电子
002816.SZ,和科达,机械设备
002817.SZ,黄山胶囊,医药生物
002818.SZ,富森美,商业贸易
002819.SZ,东方中科,机械设备
002820.SZ,桂发祥,食品饮料
002821.SZ,凯莱英,医药生物
002822.SZ,中装建设,建筑装饰
002823.SZ,凯中精密,电气设备
002824.SZ,和胜股份,有色金属
002825.SZ,纳尔股份,化工
002826.SZ,易明医药,医药生物
002827.SZ,高争民爆,化工
002828.SZ,贝肯能源,采掘
002829.SZ,星网宇达,国防军工
002830.SZ,名雕股份,建筑装饰
002831.SZ,裕同科技,轻工制造
002832.SZ,比音勒芬,纺织服装
002833.SZ,弘亚数控,机械设备
002835.SZ,同为股份,计算机
002836.SZ,新宏泽,轻工制造
002837.SZ,英维克,机械设备
002838.SZ,道恩股份,化工
002839.SZ,张家港行,银行
002840.SZ,华统股份,食品饮料
002841.SZ,视源股份,电子
002842.SZ,翔鹭钨业,有色金属
002843.SZ,泰嘉股份,机械设备
002845.SZ,同兴达,电子
002846.SZ,英联股份,轻工制造
002847.SZ,盐津铺子,食品饮料
002848.SZ,高斯贝尔,家用电器
002849.SZ,威星智能,机械设备
002850.SZ,科达利,电子
002851.SZ,麦格米特,电气设备
002852.SZ,道道全,农林牧渔
002853.SZ,皮阿诺,轻工制造
002855.SZ,捷荣技术,电子
002856.SZ,美芝股份,建筑装饰
002857.SZ,三晖电气,机械设备
002858.SZ,力盛赛车,传媒
002859.SZ,洁美科技,电子
002860.SZ,星帅尔,家用电器
002861.SZ,瀛通通讯,电子
002862.SZ,实丰文化,轻工制造
002863.SZ,今飞凯达,汽车
002864.SZ,盘龙药业,医药生物
002865.SZ,钧达股份,汽车
002866.SZ,传艺科技,电子
002867.SZ,周大生,轻工制造
002868.SZ,绿康生化,农林牧渔
002869.SZ,金溢科技,计算机
002870.SZ,香山股份,机械设备
002871.SZ,伟隆股份,机械设备
002872.SZ,天圣制药,医药生物
002873.SZ,新天药业,医药生物
002875.SZ,安奈儿,纺织服装
002876.SZ,三利谱,电子
002877.SZ,智能自控,机械设备
002878.SZ,元隆雅图,传媒
002879.SZ,长缆科技,电气设备
002880.SZ,卫光生物,医药生物
002881.SZ,美格智能,电子
002882.SZ,金龙羽,电气设备
002883.SZ,中设股份,建筑装饰
002884.SZ,凌霄泵业,机械设备
002885.SZ,京泉华,电子
002886.SZ,沃特股份,化工
002887.SZ,绿茵生态,建筑装饰
002888.SZ,惠威科技,电子
002889.SZ,东方嘉盛,交通运输
002890.SZ,弘宇股份,机械设备
002891.SZ,中宠股份,农林牧渔
002892.SZ,科力尔,电气设备
002893.SZ,华通热力,公用事业
002895.SZ,川恒股份,化工
002896.SZ,中大力德,机械设备
002897.SZ,意华股份,通信
002898.SZ,赛隆药业,医药生物
002899.SZ,英派斯,轻工制造
002900.SZ,哈三联,医药生物
002901.SZ,大博医疗,医药生物
002902.SZ,铭普光磁,电子
002903.SZ,宇环数控,机械设备
002905.SZ,金逸影视,传媒
002906.SZ,华阳集团,汽车
002907.SZ,华森制药,医药生物
002908.SZ,德生科技,通信
002909.SZ,集泰股份,化工
002910.SZ,庄园牧场,食品饮料
002911.SZ,佛燃股份,公用事业
002912.SZ,中新赛克,计算机
002913.SZ,奥士康,电子
002915.SZ,中欣氟材,化工
002916.SZ,深南电路,电子
002917.SZ,金奥博,化工
002918.SZ,蒙娜丽莎,建筑材料
002919.SZ,名臣健康,化工
002920.SZ,德赛西威,计算机
002921.SZ,联诚精密,汽车
002922.SZ,伊戈尔,电子
002923.SZ,润都股份,医药生物
002925.SZ,盈趣科技,电子
002926.SZ,华西证券,非银金融
002927.SZ,泰永长征,电气设备
002928.SZ,华夏航空,交通运输
002929.SZ,润建通信,通信
002930.SZ,宏川智慧,交通运输
002931.SZ,锋龙股份,汽车
002932.SZ,明德生物,医药生物
002933.SZ,新兴装备,国防军工
002935.SZ,天奥电子,国防军工
300001.SZ,特锐德,电气设备
300002.SZ,神州泰岳,计算机
300003.SZ,乐普医疗,医药生物
300004.SZ,南风股份,机械设备
300005.SZ,探路者,纺织服装
300006.SZ,莱美药业,医药生物
300007.SZ,汉威科技,机械设备
300008.SZ,天海防务,国防军工
300009.SZ,安科生物,医药生物
300010.SZ,立思辰,计算机
300011.SZ,鼎汉技术,电气设备
300012.SZ,华测检测,综合
300013.SZ,新宁物流,交通运输
300014.SZ,亿纬锂能,电子
300015.SZ,爱尔眼科,医药生物
300016.SZ,北陆药业,医药生物
300017.SZ,网宿科技,通信
300018.SZ,中元股份,电气设备
300019.SZ,硅宝科技,化工
300020.SZ,银江股份,计算机
300021.SZ,大禹节水,农林牧渔
300022.SZ,吉峰农机,商业贸易
300023.SZ,宝德股份,非银金融
300024.SZ,机器人,机械设备
300025.SZ,华星创业,通信
300026.SZ,红日药业,医药生物
300027.SZ,华谊兄弟,传媒
300028.SZ,金亚科技,通信
300029.SZ,天龙光电,电气设备
300030.SZ,阳普医疗,医药生物
300031.SZ,宝通科技,传媒
300032.SZ,金龙机电,电子
300033.SZ,同花顺,计算机
300034.SZ,钢研高纳,国防军工
300035.SZ,中科电气,机械设备
300036.SZ,超图软件,计算机
300037.SZ,新宙邦,化工
300038.SZ,梅泰诺,传媒
300039.SZ,上海凯宝,医药生物
300040.SZ,九洲电气,电气设备
300041.SZ,回天新材,化工
300042.SZ,朗科科技,计算机
300043.SZ,星辉娱乐,传媒
300044.SZ,赛为智能,计算机
300045.SZ,华力创通,计算机
300046.SZ,台基股份,电子
300047.SZ,天源迪科,计算机
300048.SZ,合康新能,电气设备
300049.SZ,福瑞股份,医药生物
300050.SZ,世纪鼎利,通信
300051.SZ,三五互联,传媒
300052.SZ,中青宝,传媒
300053.SZ,欧比特,电子
300054.SZ,鼎龙股份,化工
300055.SZ,万邦达,公用事业
300056.SZ,三维丝,公用事业
300057.SZ,万顺股份,轻工制造
300058.SZ,蓝色光标,传媒
300059.SZ,东方财富,传媒
300061.SZ,康旗股份,传媒
300062.SZ,中能电气,电气设备
300063.SZ,天龙集团,传媒
300064.SZ,豫金刚石,机械设备
300065.SZ,海兰信,计算机
300066.SZ,三川智慧,机械设备
300067.SZ,安诺其,化工
300068.SZ,南都电源,电气设备
300069.SZ,金利华电,电气设备
300070.SZ,碧水源,公用事业
300071.SZ,华谊嘉信,传媒
300072.SZ,三聚环保,公用事业
300073.SZ,当升科技,化工
300074.SZ,华平股份,计算机
300075.SZ,数字政通,计算机
300076.SZ,GQY视讯,电子
300077.SZ,国民技术,电子
300078.SZ,思创医惠,电子
300079.SZ,数码科技,计算机
300080.SZ,易成新能,机械设备
300081.SZ,恒信东方,通信
300082.SZ,奥克股份,化工
300083.SZ,劲胜智能,电子
300084.SZ,海默科技,机械设备
300085.SZ,银之杰,计算机
300086.SZ,康芝药业,医药生物
300087.SZ,荃银高科,农林牧渔
300088.SZ,长信科技,电子
300089.SZ,文化长城,轻工制造
300090.SZ,盛运环保,公用事业
300091.SZ,金通灵,机械设备
300092.SZ,科新机电,机械设备
300093.SZ,金刚玻璃,建筑材料
300094.SZ,国联水产,农林牧渔
300095.SZ,华伍股份,机械设备
300096.SZ,易联众,计算机
300097.SZ,智云股份,机械设备
300098.SZ,高新兴,通信
300099.SZ,精准信息,机械设备
300100.SZ,双林股份,汽车
300101.SZ,振芯科技,国防军工
300102.SZ,乾照光电,电子
300103.SZ,达刚路机,机械设备
300104.SZ,乐视网,传媒
300105.SZ,龙源技术,电气设备
300106.SZ,西部牧业,农林牧渔
300107.SZ,建新股份,化工
300108.SZ,吉药控股,医药生物
300109.SZ,新开源,化工
300110.SZ,华仁药业,医药生物
300111.SZ,向日葵,电气设备
300112.SZ,万讯自控,机械设备
300113.SZ,顺网科技,传媒
300114.SZ,中航电测,机械设备
300115.SZ,长盈精密,电子
300116.SZ,坚瑞沃能,电气设备
300117.SZ,嘉寓股份,建筑材料
300118.SZ,东方日升,电气设备
300119.SZ,瑞普生物,农林牧渔
300120.SZ,经纬辉开,电气设备
300121.SZ,阳谷华泰,化工
300122.SZ,智飞生物,医药生物
300123.SZ,亚光科技,国防军工
300124.SZ,汇川技术,电气设备
300125.SZ,易世达,公用事业
300126.SZ,锐奇股份,机械设备
300127.SZ,银河磁体,有色金属
300128.SZ,锦富技术,电子
300129.SZ,泰胜风能,电气设备
300130.SZ,新国都,计算机
300131.SZ,英唐智控,电子
300132.SZ,青松股份,化工
300133.SZ,华策影视,传媒
300134.SZ,大富科技,通信
300135.SZ,宝利国际,化工
300136.SZ,信维通信,电子
300137.SZ,先河环保,公用事业
300138.SZ,晨光生物,农林牧渔
300139.SZ,晓程科技,电子
300140.SZ,中环装备,公用事业
300141.SZ,和顺电气,电气设备
300142.SZ,沃森生物,医药生物
300143.SZ,星普医科,医药生物
300144.SZ,宋城演艺,休闲服务
300145.SZ,中金环境,机械设备
300146.SZ,汤臣倍健,食品饮料
300147.SZ,香雪制药,医药生物
300148.SZ,天舟文化,传媒
300149.SZ,量子生物,农林牧渔
300150.SZ,世纪瑞尔,计算机
300151.SZ,昌红科技,机械设备
300152.SZ,科融环境,公用事业
300153.SZ,科泰电源,电气设备
300154.SZ,瑞凌股份,机械设备
300155.SZ,安居宝,计算机
300156.SZ,神雾环保,公用事业
300157.SZ,恒泰艾普,采掘
300158.SZ,振东制药,医药生物
300159.SZ,新研股份,国防军工
300160.SZ,秀强股份,家用电器
300161.SZ,华中数控,机械设备
300162.SZ,雷曼股份,电子
300163.SZ,先锋新材,化工
300164.SZ,通源石油,采掘
300165.SZ,天瑞仪器,机械设备
300166.SZ,东方国信,计算机
300167.SZ,迪威迅,计算机
300168.SZ,万达信息,计算机
300169.SZ,天晟新材,化工
300170.SZ,汉得信息,计算机
300171.SZ,东富龙,医药生物
300172.SZ,中电环保,公用事业
300173.SZ,智慧松德,机械设备
300174.SZ,元力股份,化工
300175.SZ,朗源股份,农林牧渔
300176.SZ,鸿特科技,非银金融
300177.SZ,中海达,计算机
300178.SZ,腾邦国际,休闲服务
300179.SZ,四方达,机械设备
300180.SZ,华峰超纤,化工
300181.SZ,佐力药业,医药生物
300182.SZ,捷成股份,计算机
300183.SZ,东软载波,通信
300184.SZ,力源信息,电子
300185.SZ,通裕重工,电气设备
300187.SZ,永清环保,公用事业
300188.SZ,美亚柏科,计算机
300189.SZ,神农基因,农林牧渔
300190.SZ,维尔利,公用事业
300191.SZ,潜能恒信,采掘
300192.SZ,科斯伍德,化工
300193.SZ,佳士科技,机械设备
300194.SZ,福安药业,医药生物
300195.SZ,长荣股份,机械设备
300196.SZ,长海股份,化工
300197.SZ,铁汉生态,建筑装饰
300198.SZ,纳川股份,建筑材料
300199.SZ,翰宇药业,医药生物
300200.SZ,高盟新材,化工
300201.SZ,海伦哲,机械设备
300202.SZ,聚龙股份,计算机
300203.SZ,聚光科技,公用事业
300204.SZ,舒泰神,医药生物
300205.SZ,天喻信息,通信
300206.SZ,理邦仪器,医药生物
300207.SZ,欣旺达,电子
300208.SZ,恒顺众N,电气设备
300209.SZ,天泽信息,计算机
300210.SZ,森远股份,机械设备
300211.SZ,亿通科技,通信
300212.SZ,易华录,计算机
300213.SZ,佳讯飞鸿,通信
300214.SZ,日科化学,化工
300215.SZ,电科院,电气设备
300216.SZ,千山药机,医药生物
300217.SZ,东方电热,家用电器
300218.SZ,安利股份,化工
300219.SZ,鸿利智汇,电子
300220.SZ,金运激光,电子
300221.SZ,银禧科技,化工
300222.SZ,科大智能,机械设备
300223.SZ,北京君正,电子
300224.SZ,正海磁材,有色金属
300225.SZ,金力泰,化工
300226.SZ,上海钢联,传媒
300227.SZ,光韵达,电子
300228.SZ,富瑞特装,机械设备
300229.SZ,拓尔思,计算机
300230.SZ,永利股份,化工
300231.SZ,银信科技,计算机
300232.SZ,洲明科技,电子
300233.SZ,金城医药,医药生物
300234.SZ,开尔新材,建筑材料
300235.SZ,方直科技,计算机
300236.SZ,上海新阳,化工
300237.SZ,美晨生态,建筑装饰
300238.SZ,冠昊生物,医药生物
300239.SZ,东宝生物,医药生物
300240.SZ,飞力达,交通运输
300241.SZ,瑞丰光电,电子
300242.SZ,佳云科技,传媒
300243.SZ,瑞丰高材,化工
300244.SZ,迪安诊断,医药生物
300245.SZ,天玑科技,计算机
300246.SZ,宝莱特,医药生物
300247.SZ,乐金健康,家用电器
300248.SZ,新开普,计算机
300249.SZ,依米康,家用电器
300250.SZ,初灵信息,计算机
300251.SZ,光线传媒,传媒
300252.SZ,金信诺,通信
300253.SZ,卫宁健康,计算机
300254.SZ,仟源医药,医药生物
300255.SZ,常山药业,医药生物
300256.SZ,星星科技,电子
300257.SZ,开山股份,机械设备
300258.SZ,精锻科技,汽车
300259.SZ,新天科技,机械设备
300260.SZ,新莱应材,机械设备
300261.SZ,雅本化学,化工
300262.SZ,巴安水务,公用事业
300263.SZ,隆华节能,公用事业
300264.SZ,佳创视讯,计算机
300265.SZ,通光线缆,电气设备
300266.SZ,兴源环境,公用事业
300267.SZ,尔康制药,医药生物
300268.SZ,佳沃股份,农林牧渔
300269.SZ,联建光电,传媒
300270.SZ,中威电子,计算机
300271.SZ,华宇软件,计算机
300272.SZ,开能健康,家用电器
300273.SZ,和佳股份,医药生物
300274.SZ,阳光电源,电气设备
300275.SZ,梅安森,机械设备
300276.SZ,三丰智能,机械设备
300277.SZ,海联讯,计算机
300278.SZ,华昌达,机械设备
300279.SZ,和晶科技,电子
300280.SZ,紫天科技,机械设备
300281.SZ,金明精机,机械设备
300282.SZ,三盛教育,电子
300283.SZ,温州宏丰,电气设备
300284.SZ,苏交科,建筑装饰
300285.SZ,国瓷材料,化工
300286.SZ,安科瑞,电气设备
300287.SZ,飞利信,计算机
300288.SZ,朗玛信息,计算机
300289.SZ,利德曼,医药生物
300290.SZ,荣科科技,计算机
300291.SZ,华录百纳,传媒
300292.SZ,吴通控股,通信
300293.SZ,蓝英装备,机械设备
300294.SZ,博雅生物,医药生物
300295.SZ,三六五网,传媒
300296.SZ,利亚德,电子
300297.SZ,蓝盾股份,计算机
300298.SZ,三诺生物,医药生物
300299.SZ,富春股份,传媒
300300.SZ,汉鼎宇佑,计算机
300301.SZ,长方集团,电子
300302.SZ,同有科技,计算机
300303.SZ,聚飞光电,电子
300304.SZ,云意电气,汽车
300305.SZ,裕兴股份,化工
300306.SZ,远方信息,机械设备
300307.SZ,慈星股份,机械设备
300308.SZ,中际旭创,通信
300309.SZ,吉艾科技,非银金融
300310.SZ,宜通世纪,通信
300311.SZ,任子行,计算机
300312.SZ,邦讯技术,通信
300313.SZ,天山生物,农林牧渔
300314.SZ,戴维医疗,医药生物
300315.SZ,掌趣科技,传媒
300316.SZ,晶盛机电,电气设备
300317.SZ,珈伟股份,电气设备
300318.SZ,博晖创新,医药生物
300319.SZ,麦捷科技,电子
300320.SZ,海达股份,化工
300321.SZ,同大股份,化工
300322.SZ,硕贝德,电子
300323.SZ,华灿光电,电子
300324.SZ,旋极信息,计算机
300325.SZ,德威新材,化工
300326.SZ,凯利泰,医药生物
300327.SZ,中颖电子,电子
300328.SZ,宜安科技,有色金属
300329.SZ,海伦钢琴,轻工制造
300330.SZ,华虹计通,计算机
300331.SZ,苏大维格,电子
300332.SZ,天壕环境,公用事业
300333.SZ,兆日科技,计算机
300334.SZ,津膜科技,公用事业
300335.SZ,迪森股份,公用事业
300336.SZ,新文化,传媒
300337.SZ,银邦股份,有色金属
300338.SZ,开元股份,传媒
300339.SZ,润和软件,计算机
300340.SZ,科恒股份,电子
300341.SZ,麦迪电气,机械设备
300342.SZ,天银机电,家用电器
300343.SZ,联创互联,传媒
300344.SZ,太空智造,建筑材料
300345.SZ,红宇新材,机械设备
300346.SZ,南大光电,电子
300347.SZ,泰格医药,医药生物
300348.SZ,长亮科技,计算机
300349.SZ,金卡智能,机械设备
300350.SZ,华鹏飞,交通运输
300351.SZ,永贵电器,机械设备
300352.SZ,北信源,计算机
300353.SZ,东土科技,通信
300354.SZ,东华测试,机械设备
300355.SZ,蒙草生态,建筑装饰
300356.SZ,光一科技,电气设备
300357.SZ,我武生物,医药生物
300358.SZ,楚天科技,医药生物
300359.SZ,全通教育,传媒
300360.SZ,炬华科技,电气设备
300362.SZ,天翔环境,机械设备
300363.SZ,博腾股份,医药生物
300364.SZ,中文在线,传媒
300365.SZ,恒华科技,计算机
300366.SZ,创意信息,计算机
300367.SZ,东方网力,计算机
300368.SZ,汇金股份,计算机
300369.SZ,绿盟科技,计算机
300370.SZ,安控科技,机械设备
300371.SZ,汇中股份,机械设备
300373.SZ,扬杰科技,电子
300374.SZ,恒通科技,建筑材料
300375.SZ,鹏翎股份,汽车
300376.SZ,易事特,电气设备
300377.SZ,赢时胜,计算机
300378.SZ,鼎捷软件,计算机
300379.SZ,东方通,计算机
300380.SZ,安硕信息,计算机
300381.SZ,溢多利,医药生物
300382.SZ,斯莱克,机械设备
300383.SZ,光环新网,通信
300384.SZ,三联虹普,化工
300385.SZ,雪浪环境,机械设备
300386.SZ,飞天诚信,计算机
300387.SZ,富邦股份,化工
300388.SZ,国祯环保,公用事业
300389.SZ,艾比森,电子
300390.SZ,天华超净,电子
300391.SZ,康跃科技,机械设备
300392.SZ,腾信股份,传媒
300393.SZ,中来股份,电气设备
300394.SZ,天孚通信,通信
300395.SZ,菲利华,有色金属
300396.SZ,迪瑞医疗,医药生物
300397.SZ,天和防务,国防军工
300398.SZ,飞凯材料,化工
300399.SZ,京天利,计算机
300400.SZ,劲拓股份,机械设备
300401.SZ,花园生物,医药生物
300402.SZ,宝色股份,机械设备
300403.SZ,地尔汉宇,家用电器
300404.SZ,博济医药,医药生物
300405.SZ,科隆股份,化工
300406.SZ,九强生物,医药生物
300407.SZ,凯发电气,电气设备
300408.SZ,三环集团,电子
300409.SZ,道氏技术,化工
300410.SZ,正业科技,机械设备
300411.SZ,金盾股份,机械设备
300412.SZ,迦南科技,医药生物
300413.SZ,芒果超媒,商业贸易
300414.SZ,中光防雷,通信
300415.SZ,伊之密,机械设备
300416.SZ,苏试试验,机械设备
300417.SZ,南华仪器,机械设备
300418.SZ,昆仑万维,传媒
300419.SZ,浩丰科技,计算机
300420.SZ,五洋停车,机械设备
300421.SZ,力星股份,机械设备
300422.SZ,博世科,公用事业
300423.SZ,鲁亿通,电气设备
300424.SZ,航新科技,国防军工
300425.SZ,环能科技,公用事业
300426.SZ,唐德影视,传媒
300427.SZ,红相股份,电气设备
300428.SZ,四通新材,有色金属
300429.SZ,强力新材,化工
300430.SZ,诚益通,机械设备
300431.SZ,暴风集团,传媒
300432.SZ,富临精工,汽车
300433.SZ,蓝思科技,电子
300434.SZ,金石东方,医药生物
300435.SZ,中泰股份,机械设备
300436.SZ,广生堂,医药生物
300437.SZ,清水源,化工
300438.SZ,鹏辉能源,电子
300439.SZ,美康生物,医药生物
300440.SZ,运达科技,计算机
300441.SZ,鲍斯股份,机械设备
300442.SZ,普丽盛,机械设备
300443.SZ,金雷风电,电气设备
300444.SZ,双杰电气,电气设备
300445.SZ,康斯特,机械设备
300446.SZ,乐凯新材,化工
300447.SZ,全信股份,电气设备
300448.SZ,浩云科技,计算机
300449.SZ,汉邦高科,计算机
300450.SZ,先导智能,机械设备
300451.SZ,创业软件,计算机
300452.SZ,山河药辅,医药生物
300453.SZ,三鑫医疗,医药生物
300454.SZ,深信服,计算机
300455.SZ,康拓红外,计算机
300456.SZ,耐威科技,国防军工
300457.SZ,赢合科技,机械设备
300458.SZ,全志科技,电子
300459.SZ,金科文化,传媒
300460.SZ,惠伦晶体,电子
300461.SZ,田中精机,机械设备
300462.SZ,华铭智能,计算机
300463.SZ,迈克生物,医药生物
300464.SZ,星徽精密,机械设备
300465.SZ,高伟达,计算机
300466.SZ,赛摩电气,电气设备
300467.SZ,迅游科技,传媒
300468.SZ,四方精创,计算机
300469.SZ,信息发展,计算机
300470.SZ,日机密封,机械设备
300471.SZ,厚普股份,机械设备
300472.SZ,新元科技,机械设备
300473.SZ,德尔股份,汽车
300474.SZ,景嘉微,国防军工
300475.SZ,聚隆科技,家用电器
300476.SZ,胜宏科技,电子
300477.SZ,合纵科技,电气设备
300478.SZ,杭州高新,化工
300479.SZ,神思电子,计算机
300480.SZ,光力科技,机械设备
300481.SZ,濮阳惠成,化工
300482.SZ,万孚生物,医药生物
300483.SZ,沃施股份,机械设备
300484.SZ,蓝海华腾,电气设备
300485.SZ,赛升药业,医药生物
300486.SZ,东杰智能,机械设备
300487.SZ,蓝晓科技,化工
300488.SZ,恒锋工具,机械设备
300489.SZ,中飞股份,有色金属
300490.SZ,华自科技,电气设备
300491.SZ,通合科技,电气设备
300492.SZ,山鼎设计,建筑装饰
300493.SZ,润欣科技,电子
300494.SZ,盛天网络,传媒
300495.SZ,美尚生态,建筑装饰
300496.SZ,中科创达,计算机
300497.SZ,富祥股份,医药生物
300498.SZ,温氏股份,农林牧渔
300499.SZ,高澜股份,机械设备
300500.SZ,启迪设计,建筑装饰
300501.SZ,海顺新材,轻工制造
300502.SZ,新易盛,通信
300503.SZ,昊志机电,机械设备
300504.SZ,天邑股份,通信
300505.SZ,川金诺,化工
300506.SZ,名家汇,建筑装饰
300507.SZ,苏奥传感,汽车
300508.SZ,维宏股份,计算机
300509.SZ,新美星,机械设备
300510.SZ,金冠股份,电气设备
300511.SZ,雪榕生物,农林牧渔
300512.SZ,中亚股份,机械设备
300513.SZ,恒泰实达,计算机
300514.SZ,友讯达,电气设备
300515.SZ,三德科技,机械设备
300516.SZ,久之洋,电子
300517.SZ,海波重科,建筑装饰
300518.SZ,盛讯达,传媒
300519.SZ,新光药业,医药生物
300520.SZ,科大国创,计算机
300521.SZ,爱司凯,机械设备
300522.SZ,世名科技,化工
300523.SZ,辰安科技,计算机
300525.SZ,博思软件,计算机
300526.SZ,中潜股份,纺织服装
300527.SZ,中国应急,国防军工
300528.SZ,幸福蓝海,传媒
300529.SZ,健帆生物,医药生物
300530.SZ,达志科技,化工
300531.SZ,优博讯,通信
300532.SZ,今天国际,计算机
300533.SZ,冰川网络,传媒
300534.SZ,陇神戎发,医药生物
300535.SZ,达威股份,化工
300536.SZ,农尚环境,建筑装饰
300537.SZ,广信材料,化工
300538.SZ,同益股份,化工
300539.SZ,横河模具,化工
300540.SZ,深冷股份,机械设备
300541.SZ,先进数通,计算机
300542.SZ,新晨科技,计算机
300543.SZ,朗科智能,电子
300545.SZ,联得装备,电子
300546.SZ,雄帝科技,计算机
300547.SZ,川环科技,汽车
300548.SZ,博创科技,通信
300549.SZ,优德精密,机械设备
300550.SZ,和仁科技,计算机
300551.SZ,古鳌科技,机械设备
300552.SZ,万集科技,计算机
300553.SZ,集智股份,机械设备
300554.SZ,三超新材,机械设备
300555.SZ,路通视信,通信
300556.SZ,丝路视觉,计算机
300557.SZ,理工光科,机械设备
300558.SZ,贝达药业,医药生物
300559.SZ,佳发教育,计算机
300560.SZ,中富通,通信
300561.SZ,汇金科技,计算机
300562.SZ,乐心医疗,医药生物
300563.SZ,神宇股份,通信
300565.SZ,科信技术,通信
300566.SZ,激智科技,电子
300567.SZ,精测电子,机械设备
300568.SZ,星源材质,化工
300569.SZ,天能重工,电气设备
300570.SZ,太辰光,通信
300571.SZ,平治信息,通信
300572.SZ,安车检测,机械设备
300573.SZ,兴齐眼药,医药生物
300575.SZ,中旗股份,化工
300576.SZ,容大感光,化工
300577.SZ,开润股份,纺织服装
300578.SZ,会畅通讯,通信
300579.SZ,数字认证,计算机
300580.SZ,贝斯特,汽车
300581.SZ,晨曦航空,国防军工
300582.SZ,英飞特,电子
300583.SZ,赛托生物,医药生物
300584.SZ,海辰药业,医药生物
300585.SZ,奥联电子,汽车
300586.SZ,美联新材,化工
300587.SZ,天铁股份,化工
300588.SZ,熙菱信息,计算机
300589.SZ,江龙船艇,国防军工
300590.SZ,移为通信,通信
300591.SZ,万里马,纺织服装
300592.SZ,华凯创意,建筑装饰
300593.SZ,新雷能,电气设备
300595.SZ,欧普康视,医药生物
300596.SZ,利安隆,化工
300597.SZ,吉大通信,通信
300598.SZ,诚迈科技,计算机
300599.SZ,雄塑科技,建筑材料
300600.SZ,瑞特股份,国防军工
300601.SZ,康泰生物,医药生物
300602.SZ,飞荣达,电子
300603.SZ,立昂技术,通信
300604.SZ,长川科技,机械设备
300605.SZ,恒锋信息,计算机
300606.SZ,金太阳,机械设备
300607.SZ,拓斯达,机械设备
300608.SZ,思特奇,计算机
300609.SZ,汇纳科技,计算机
300610.SZ,晨化股份,化工
300611.SZ,美力科技,汽车
300612.SZ,宣亚国际,传媒
300613.SZ,富瀚微,电子
300615.SZ,欣天科技,通信
300616.SZ,尚品宅配,轻工制造
300617.SZ,安靠智电,电气设备
300618.SZ,寒锐钴业,有色金属
300619.SZ,金银河,机械设备
300620.SZ,光库科技,通信
300621.SZ,维业股份,建筑装饰
300622.SZ,博士眼镜,商业贸易
300623.SZ,捷捷微电,电子
300624.SZ,万兴科技,计算机
300625.SZ,三雄极光,电子
300626.SZ,华瑞股份,电气设备
300627.SZ,华测导航,计算机
300628.SZ,亿联网络,通信
300629.SZ,新劲刚,机械设备
300630.SZ,普利制药,医药生物
300631.SZ,久吾高科,公用事业
300632.SZ,光莆股份,电子
300633.SZ,开立医疗,医药生物
300634.SZ,彩讯股份,计算机
300635.SZ,达安股份,建筑装饰
300636.SZ,同和药业,医药生物
300637.SZ,扬帆新材,化工
300638.SZ,广和通,通信
300639.SZ,凯普生物,医药生物
300640.SZ,德艺文创,轻工制造
300641.SZ,正丹股份,化工
300642.SZ,透景生命,医药生物
300643.SZ,万通智控,汽车
300644.SZ,南京聚隆,化工
300645.SZ,正元智慧,计算机
300647.SZ,超频三,电子
300648.SZ,星云股份,机械设备
300649.SZ,杭州园林,建筑装饰
300650.SZ,太龙照明,电子
300651.SZ,金陵体育,轻工制造
300652.SZ,雷迪克,汽车
300653.SZ,正海生物,医药生物
300654.SZ,世纪天鸿,传媒
300655.SZ,晶瑞股份,化工
300656.SZ,民德电子,电子
300657.SZ,弘信电子,电子
300658.SZ,延江股份,纺织服装
300659.SZ,中孚信息,计算机
300660.SZ,江苏雷利,电气设备
300661.SZ,圣邦股份,电子
300662.SZ,科锐国际,休闲服务
300663.SZ,科蓝软件,计算机
300664.SZ,鹏鹞环保,公用事业
300665.SZ,飞鹿股份,化工
300666.SZ,江丰电子,有色金属
300667.SZ,必创科技,机械设备
300668.SZ,杰恩设计,建筑装饰
300669.SZ,沪宁股份,机械设备
300670.SZ,大烨智能,电气设备
300671.SZ,富满电子,电子
300672.SZ,国科微,电子
300673.SZ,佩蒂股份,农林牧渔
300675.SZ,建科院,建筑装饰
300676.SZ,华大基因,医药生物
300677.SZ,英科医疗,医药生物
300678.SZ,中科信息,计算机
300679.SZ,电连技术,电子
300680.SZ,隆盛科技,汽车
300681.SZ,英搏尔,汽车
300682.SZ,朗新科技,计算机
300683.SZ,海特生物,医药生物
300684.SZ,中石科技,化工
300685.SZ,艾德生物,医药生物
300686.SZ,智动力,电子
300687.SZ,赛意信息,计算机
300688.SZ,创业黑马,综合
300689.SZ,澄天伟业,通信
300690.SZ,双一科技,化工
300691.SZ,联合光电,电子
300692.SZ,中环环保,公用事业
300693.SZ,盛弘股份,电气设备
300695.SZ,兆丰股份,汽车
300696.SZ,爱乐达,国防军工
300697.SZ,电工合金,有色金属
300698.SZ,万马科技,通信
300699.SZ,光威复材,化工
300700.SZ,岱勒新材,机械设备
300701.SZ,森霸传感,电子
300702.SZ,天宇股份,医药生物
300703.SZ,创源文化,轻工制造
300705.SZ,九典制药,医药生物
300706.SZ,阿石创,有色金属
300707.SZ,威唐工业,汽车
300708.SZ,聚灿光电,电子
300709.SZ,精研科技,电子
300710.SZ,万隆光电,通信
300711.SZ,广哈通信,通信
300712.SZ,永福股份,建筑装饰
300713.SZ,英可瑞,电气设备
300715.SZ,凯伦股份,建筑材料
300716.SZ,国立科技,化工
300717.SZ,华信新材,化工
300718.SZ,长盛轴承,机械设备
300719.SZ,安达维尔,国防军工
300720.SZ,海川智能,机械设备
300721.SZ,怡达股份,化工
300722.SZ,新余国科,国防军工
300723.SZ,一品红,医药生物
300724.SZ,捷佳伟创,机械设备
300725.SZ,药石科技,医药生物
300726.SZ,宏达电子,电子
300727.SZ,润禾材料,化工
300729.SZ,乐歌股份,轻工制造
300730.SZ,科创信息,计算机
300731.SZ,科创新源,有色金属
300732.SZ,设研院,建筑装饰
300733.SZ,西菱动力,汽车
300735.SZ,光弘科技,电子
300736.SZ,百华悦邦,电子
300737.SZ,科顺股份,建筑材料
300738.SZ,奥飞数据,计算机
300739.SZ,明阳电路,电子
300740.SZ,御家汇,化工
300741.SZ,华宝股份,食品饮料
300742.SZ,越博动力,汽车
300743.SZ,天地数码,化工
300745.SZ,欣锐科技,电气设备
300746.SZ,汉嘉设计,建筑装饰
300747.SZ,锐科激光,电子
300750.SZ,宁德时代,电气设备
600000.SH,浦发银行,银行
600004.SH,白云机场,交通运输
600006.SH,东风汽车,汽车
600007.SH,中国国贸,房地产
600008.SH,首创股份,公用事业
600009.SH,上海机场,交通运输
600010.SH,包钢股份,钢铁
600011.SH,华能国际,公用事业
600012.SH,皖通高速,交通运输
600015.SH,华夏银行,银行
600016.SH,民生银行,银行
600017.SH,日照港,交通运输
600018.SH,上港集团,交通运输
600019.SH,宝钢股份,钢铁
600020.SH,中原高速,交通运输
600021.SH,上海电力,公用事业
600022.SH,山东钢铁,钢铁
600023.SH,浙能电力,公用事业
600025.SH,华能水电,公用事业
600026.SH,中远海能,交通运输
600027.SH,华电国际,公用事业
600028.SH,中国石化,化工
600029.SH,南方航空,交通运输
600030.SH,中信证券,非银金融
600031.SH,三一重工,机械设备
600033.SH,福建高速,交通运输
600035.SH,楚天高速,交通运输
600036.SH,招商银行,银行
600037.SH,歌华有线,传媒
600038.SH,中直股份,国防军工
600039.SH,四川路桥,建筑装饰
600048.SH,保利地产,房地产
600050.SH,中国联通,通信
600051.SH,宁波联合,综合
600052.SH,浙江广厦,房地产
600053.SH,九鼎投资,非银金融
600054.SH,黄山旅游,休闲服务
600055.SH,万东医疗,医药生物
600056.SH,中国医药,医药生物
600057.SH,厦门象屿,交通运输
600058.SH,五矿发展,商业贸易
600059.SH,古越龙山,食品饮料
600060.SH,海信电器,家用电器
600061.SH,国投资本,非银金融
600062.SH,华润双鹤,医药生物
600063.SH,皖维高新,化工
600064.SH,南京高科,房地产
600066.SH,宇通客车,汽车
600067.SH,冠城大通,房地产
600068.SH,葛洲坝,建筑装饰
600069.SH,银鸽投资,轻工制造
600070.SH,浙江富润,综合
600071.SH,凤凰光学,电子
600072.SH,中船科技,国防军工
600073.SH,上海梅林,食品饮料
600074.SH,*ST保千,电子
600075.SH,新疆天业,化工
600076.SH,康欣新材,轻工制造
600077.SH,宋都股份,房地产
600078.SH,澄星股份,化工
600079.SH,人福医药,医药生物
600080.SH,金花股份,医药生物
600081.SH,东风科技,汽车
600082.SH,海泰发展,综合
600083.SH,博信股份,综合
600084.SH,中葡股份,食品饮料
600085.SH,同仁堂,医药生物
600086.SH,东方金钰,轻工制造
600088.SH,中视传媒,传媒
600089.SH,特变电工,电气设备
600090.SH,同济堂,医药生物
600091.SH,ST明科,化工
600093.SH,易见股份,非银金融
600094.SH,大名城,房地产
600095.SH,哈高科,房地产
600096.SH,云天化,化工
600097.SH,开创国际,农林牧渔
600098.SH,广州发展,公用事业
600099.SH,林海股份,汽车
600100.SH,同方股份,计算机
600101.SH,明星电力,公用事业
600103.SH,青山纸业,轻工制造
600104.SH,上汽集团,汽车
600105.SH,永鼎股份,通信
600106.SH,重庆路桥,交通运输
600107.SH,美尔雅,纺织服装
600108.SH,亚盛集团,农林牧渔
600109.SH,国金证券,非银金融
600110.SH,诺德股份,电子
600111.SH,北方稀土,有色金属
600112.SH,天成控股,电气设备
600113.SH,浙江东日,商业贸易
600114.SH,东睦股份,有色金属
600115.SH,东方航空,交通运输
600116.SH,三峡水利,公用事业
600117.SH,西宁特钢,钢铁
600118.SH,中国卫星,国防军工
600119.SH,长江投资,交通运输
600120.SH,浙江东方,商业贸易
600121.SH,郑州煤电,采掘
600122.SH,宏图高科,商业贸易
600123.SH,兰花科创,采掘
600125.SH,铁龙物流,交通运输
600126.SH,杭钢股份,钢铁
600127.SH,金健米业,农林牧渔
600128.SH,弘业股份,综合
600129.SH,太极集团,医药生物
600130.SH,波导股份,通信
600131.SH,岷江水电,公用事业
600132.SH,重庆啤酒,食品饮料
600133.SH,东湖高新,建筑装饰
600135.SH,乐凯胶片,轻工制造
600136.SH,当代明诚,传媒
600137.SH,浪莎股份,纺织服装
600138.SH,中青旅,休闲服务
600139.SH,西部资源,综合
600141.SH,兴发集团,化工
600143.SH,金发科技,化工
600145.SH,*ST新亿,建筑材料
600146.SH,商赢环球,纺织服装
600148.SH,长春一东,汽车
600149.SH,ST坊展,综合
600150.SH,*ST船舶,国防军工
600151.SH,航天机电,电气设备
600152.SH,维科技术,电子
600153.SH,建发股份,交通运输
600155.SH,华创阳安,非银金融
600156.SH,华升股份,纺织服装
600157.SH,永泰能源,采掘
600158.SH,中体产业,传媒
600159.SH,大龙地产,房地产
600160.SH,巨化股份,化工
600161.SH,天坛生物,医药生物
600162.SH,香江控股,房地产
600163.SH,中闽能源,公用事业
600165.SH,新日恒力,机械设备
600166.SH,福田汽车,汽车
600167.SH,联美控股,公用事业
600168.SH,武汉控股,公用事业
600169.SH,太原重工,机械设备
600170.SH,上海建工,建筑装饰
600171.SH,上海贝岭,电子
600172.SH,黄河旋风,机械设备
600173.SH,卧龙地产,房地产
600175.SH,美都能源,综合
600176.SH,中国巨石,化工
600177.SH,雅戈尔,房地产
600178.SH,东安动力,汽车
600179.SH,安通控股,交通运输
600180.SH,瑞茂通,交通运输
600182.SH,S佳通,化工
600183.SH,生益科技,电子
600184.SH,光电股份,国防军工
600185.SH,格力地产,房地产
600186.SH,莲花健康,食品饮料
600187.SH,国中水务,公用事业
600188.SH,兖州煤业,采掘
600189.SH,吉林森工,农林牧渔
600190.SH,锦州港,交通运输
600191.SH,华资实业,农林牧渔
600192.SH,长城电工,电气设备
600193.SH,*ST创兴,建筑装饰
600195.SH,中牧股份,农林牧渔
600196.SH,复星医药,医药生物
600197.SH,伊力特,食品饮料
600198.SH,*ST大唐,通信
600199.SH,金种子酒,食品饮料
600200.SH,江苏吴中,综合
600201.SH,生物股份,农林牧渔
600202.SH,*ST哈空,电气设备
600203.SH,福日电子,电子
600206.SH,有研新材,有色金属
600207.SH,安彩高科,电气设备
600208.SH,新湖中宝,房地产
600209.SH,*ST罗顿,建筑装饰
600210.SH,紫江企业,轻工制造
600211.SH,西藏药业,医药生物
600212.SH,江泉实业,综合
600213.SH,亚星客车,汽车
600215.SH,长春经开,房地产
600216.SH,浙江医药,医药生物
600217.SH,中再资环,公用事业
600218.SH,全柴动力,机械设备
600219.SH,南山铝业,有色金属
600220.SH,江苏阳光,纺织服装
600221.SH,海航控股,交通运输
600222.SH,太龙药业,医药生物
600223.SH,鲁商置业,房地产
600225.SH,天津松江,房地产
600226.SH,瀚叶股份,农林牧渔
600227.SH,圣济堂,医药生物
600228.SH,ST昌九,化工
600229.SH,城市传媒,传媒
600230.SH,沧州大化,化工
600231.SH,凌钢股份,钢铁
600232.SH,金鹰股份,纺织服装
600233.SH,圆通速递,交通运输
600234.SH,ST山水,综合
600235.SH,民丰特纸,轻工制造
600236.SH,桂冠电力,公用事业
600237.SH,铜峰电子,电子
600238.SH,*ST椰岛,食品饮料
600239.SH,云南城投,房地产
600240.SH,华业资本,房地产
600241.SH,时代万恒,商业贸易
600242.SH,中昌数据,传媒
600243.SH,青海华鼎,机械设备
600246.SH,万通地产,房地产
600247.SH,*ST成城,商业贸易
600248.SH,延长化建,建筑装饰
600249.SH,两面针,化工
600250.SH,南纺股份,商业贸易
600251.SH,冠农股份,农林牧渔
600252.SH,中恒集团,医药生物
600255.SH,梦舟股份,有色金属
600256.SH,广汇能源,化工
600257.SH,大湖股份,农林牧渔
600258.SH,首旅酒店,休闲服务
600259.SH,广晟有色,有色金属
600260.SH,凯乐科技,通信
600261.SH,阳光照明,电子
600262.SH,北方股份,机械设备
600265.SH,ST景谷,农林牧渔
600266.SH,北京城建,房地产
600267.SH,海正药业,医药生物
600268.SH,国电南自,电气设备
600269.SH,赣粤高速,交通运输
600270.SH,外运发展,交通运输
600271.SH,航天信息,计算机
600272.SH,开开实业,医药生物
600273.SH,嘉化能源,化工
600275.SH,ST昌鱼,农林牧渔
600276.SH,恒瑞医药,医药生物
600277.SH,亿利洁能,化工
600278.SH,东方创业,商业贸易
600279.SH,重庆港九,交通运输
600280.SH,中央商场,商业贸易
600281.SH,太化股份,综合
600282.SH,南钢股份,钢铁
600283.SH,钱江水利,公用事业
600284.SH,浦东建设,建筑装饰
600285.SH,羚锐制药,医药生物
600287.SH,江苏舜天,商业贸易
600288.SH,大恒科技,电子
600289.SH,*ST信通,通信
600290.SH,华仪电气,电气设备
600291.SH,西水股份,非银金融
600292.SH,远达环保,公用事业
600293.SH,三峡新材,通信
600295.SH,鄂尔多斯,采掘
600297.SH,广汇汽车,汽车
600298.SH,安琪酵母,农林牧渔
600299.SH,安迪苏,化工
600300.SH,维维股份,食品饮料
600301.SH,ST南化,化工
600302.SH,标准股份,机械设备
600303.SH,曙光股份,汽车
600305.SH,恒顺醋业,食品饮料
600306.SH,商业城,商业贸易
600307.SH,酒钢宏兴,钢铁
600308.SH,华泰股份,轻工制造
600309.SH,万华化学,化工
600310.SH,桂东电力,公用事业
600311.SH,荣华实业,有色金属
600312.SH,平高电气,电气设备
600313.SH,农发种业,农林牧渔
600315.SH,上海家化,化工
600316.SH,洪都航空,国防军工
600317.SH,营口港,交通运输
600318.SH,新力金融,非银金融
600319.SH,亚星化学,化工
600320.SH,振华重工,机械设备
600321.SH,*ST正源,建筑材料
600322.SH,天房发展,房地产
600323.SH,瀚蓝环境,公用事业
600325.SH,华发股份,房地产
600326.SH,西藏天路,建筑装饰
600327.SH,大东方,汽车
600328.SH,兰太实业,化工
600329.SH,中新药业,医药生物
600330.SH,天通股份,有色金属
600331.SH,宏达股份,有色金属
600332.SH,白云山,医药生物
600333.SH,长春燃气,公用事业
600335.SH,国机汽车,汽车
600336.SH,澳柯玛,家用电器
600337.SH,美克家居,轻工制造
600338.SH,西藏珠峰,有色金属
600339.SH,中油工程,采掘
600340.SH,华夏幸福,房地产
600343.SH,航天动力,国防军工
600345.SH,长江通信,通信
600346.SH,恒力股份,化工
600348.SH,阳泉煤业,采掘
600350.SH,山东高速,交通运输
600351.SH,亚宝药业,医药生物
600352.SH,浙江龙盛,化工
600353.SH,旭光股份,电子
600354.SH,敦煌种业,农林牧渔
600355.SH,精伦电子,通信
600356.SH,恒丰纸业,轻工制造
600358.SH,国旅联合,休闲服务
600359.SH,新农开发,农林牧渔
600360.SH,华微电子,电子
600361.SH,华联综超,商业贸易
600362.SH,江西铜业,有色金属
600363.SH,联创光电,电子
600365.SH,通葡股份,食品饮料
600366.SH,宁波韵升,有色金属
600367.SH,红星发展,化工
600368.SH,五洲交通,交通运输
600369.SH,西南证券,非银金融
600370.SH,三房巷,纺织服装
600371.SH,万向德农,农林牧渔
600372.SH,中航电子,国防军工
600373.SH,中文传媒,传媒
600375.SH,华菱星马,机械设备
600376.SH,首开股份,房地产
600377.SH,宁沪高速,交通运输
600378.SH,天科股份,化工
600379.SH,宝光股份,电气设备
600380.SH,健康元,医药生物
600381.SH,青海春天,传媒
600382.SH,广东明珠,综合
600383.SH,金地集团,房地产
600385.SH,山东金泰,有色金属
600386.SH,北巴传媒,传媒
600387.SH,海越能源,化工
600388.SH,龙净环保,机械设备
600389.SH,江山股份,化工
600390.SH,五矿资本,非银金融
600391.SH,航发科技,国防军工
600392.SH,盛和资源,有色金属
600393.SH,粤泰股份,房地产
600395.SH,盘江股份,采掘
600396.SH,金山股份,公用事业
600397.SH,*ST安煤,采掘
600398.SH,海澜之家,纺织服装
600399.SH,*ST抚钢,钢铁
600400.SH,红豆股份,纺织服装
600401.SH,*ST海润,电气设备
600403.SH,大有能源,采掘
600405.SH,动力源,电气设备
600406.SH,国电南瑞,电气设备
600408.SH,*ST安泰,采掘
600409.SH,三友化工,化工
600410.SH,华胜天成,计算机
600415.SH,小商品城,商业贸易
600416.SH,湘电股份,电气设备
600418.SH,江淮汽车,汽车
600419.SH,天润乳业,食品饮料
600420.SH,现代制药,医药生物
600421.SH,ST仰帆,机械设备
600422.SH,昆药集团,医药生物
600423.SH,*ST柳化,化工
600425.SH,青松建化,建筑材料
600426.SH,华鲁恒升,化工
600428.SH,中远海特,交通运输
600429.SH,三元股份,食品饮料
600433.SH,冠豪高新,轻工制造
600435.SH,北方导航,国防军工
600436.SH,片仔癀,医药生物
600438.SH,通威股份,农林牧渔
600439.SH,瑞贝卡,轻工制造
600444.SH,国机通用,机械设备
600446.SH,金证股份,计算机
600448.SH,华纺股份,纺织服装
600449.SH,宁夏建材,建筑材料
600452.SH,涪陵电力,公用事业
600455.SH,博通股份,传媒
600456.SH,宝钛股份,有色金属
600458.SH,时代新材,化工
600459.SH,贵研铂业,有色金属
600460.SH,士兰微,电子
600461.SH,洪城水业,公用事业
600462.SH,九有股份,通信
600463.SH,空港股份,房地产
600466.SH,蓝光发展,房地产
600467.SH,好当家,农林牧渔
600468.SH,百利电气,电气设备
600469.SH,风神股份,化工
600470.SH,六国化工,化工
600475.SH,华光股份,电气设备
600476.SH,湘邮科技,计算机
600477.SH,杭萧钢构,建筑装饰
600478.SH,科力远,电子
600479.SH,千金药业,医药生物
600480.SH,凌云股份,汽车
600481.SH,双良节能,机械设备
600482.SH,中国动力,电气设备
600483.SH,福能股份,公用事业
600485.SH,信威集团,通信
600486.SH,扬农化工,化工
600487.SH,亨通光电,通信
600488.SH,天药股份,医药生物
600489.SH,中金黄金,有色金属
600490.SH,鹏欣资源,有色金属
600491.SH,龙元建设,建筑装饰
600493.SH,凤竹纺织,纺织服装
600495.SH,晋西车轴,机械设备
600496.SH,精工钢构,建筑装饰
600497.SH,驰宏锌锗,有色金属
600498.SH,烽火通信,通信
600499.SH,科达洁能,机械设备
600500.SH,中化国际,化工
600501.SH,航天晨光,机械设备
600502.SH,安徽水利,建筑装饰
600503.SH,华丽家族,房地产
600505.SH,西昌电力,公用事业
600506.SH,香梨股份,农林牧渔
600507.SH,方大特钢,钢铁
600508.SH,上海能源,采掘
600509.SH,天富能源,公用事业
600510.SH,黑牡丹,纺织服装
600511.SH,国药股份,医药生物
600512.SH,腾达建设,建筑装饰
600513.SH,联环药业,医药生物
600515.SH,海航基础,房地产
600516.SH,方大炭素,有色金属
600517.SH,置信电气,电气设备
600518.SH,康美药业,医药生物
600519.SH,贵州茅台,食品饮料
600520.SH,文一科技,机械设备
600521.SH,华海药业,医药生物
600522.SH,中天科技,通信
600523.SH,贵航股份,汽车
600525.SH,长园集团,电气设备
600526.SH,菲达环保,机械设备
600527.SH,江南高纤,化工
600528.SH,中铁工业,建筑装饰
600529.SH,山东药玻,医药生物
600530.SH,交大昂立,医药生物
600531.SH,豫光金铅,有色金属
600532.SH,宏达矿业,采掘
600533.SH,栖霞建设,房地产
600535.SH,天士力,医药生物
600536.SH,中国软件,计算机
600537.SH,亿晶光电,电气设备
600538.SH,国发股份,医药生物
600539.SH,*ST狮头,轻工制造
600540.SH,新赛股份,农林牧渔
600543.SH,莫高股份,食品饮料
600545.SH,卓郎智能,机械设备
600546.SH,山煤国际,采掘
600547.SH,山东黄金,有色金属
600548.SH,深高速,交通运输
600549.SH,厦门钨业,有色金属
600550.SH,保变电气,电气设备
600551.SH,时代出版,传媒
600552.SH,凯盛科技,电子
600555.SH,海航创新,休闲服务
600556.SH,ST慧球,综合
600557.SH,康缘药业,医药生物
600558.SH,大西洋,机械设备
600559.SH,老白干酒,食品饮料
600560.SH,金自天正,机械设备
600561.SH,江西长运,交通运输
600562.SH,国睿科技,国防军工
600563.SH,法拉电子,电子
600565.SH,迪马股份,房地产
600566.SH,济川药业,医药生物
600567.SH,山鹰纸业,轻工制造
600568.SH,中珠医疗,房地产
600569.SH,安阳钢铁,钢铁
600570.SH,恒生电子,计算机
600571.SH,信雅达,计算机
600572.SH,康恩贝,医药生物
600573.SH,惠泉啤酒,食品饮料
600575.SH,皖江物流,交通运输
600576.SH,祥源文化,传媒
600577.SH,精达股份,机械设备
600578.SH,京能电力,公用事业
600579.SH,天华院,机械设备
600580.SH,卧龙电气,电气设备
600581.SH,八一钢铁,钢铁
600582.SH,天地科技,机械设备
600583.SH,海油工程,采掘
600584.SH,长电科技,电子
600585.SH,海螺水泥,建筑材料
600586.SH,金晶科技,建筑材料
600587.SH,新华医疗,医药生物
600588.SH,用友网络,计算机
600589.SH,广东榕泰,化工
600590.SH,泰豪科技,电气设备
600592.SH,龙溪股份,机械设备
600593.SH,大连圣亚,休闲服务
600594.SH,益佰制药,医药生物
600595.SH,中孚实业,有色金属
600596.SH,新安股份,化工
600597.SH,光明乳业,食品饮料
600598.SH,北大荒,农林牧渔
600599.SH,熊猫金控,非银金融
600600.SH,青岛啤酒,食品饮料
600601.SH,方正科技,计算机
600602.SH,云赛智联,计算机
600603.SH,广汇物流,综合
600604.SH,市北高新,房地产
600605.SH,汇通能源,商业贸易
600606.SH,绿地控股,房地产
600608.SH,ST沪科,商业贸易
600609.SH,金杯汽车,汽车
600610.SH,*ST毅达,建筑装饰
600611.SH,大众交通,交通运输
600612.SH,老凤祥,轻工制造
600613.SH,神奇制药,医药生物
600614.SH,鹏起科技,有色金属
600615.SH,丰华股份,有色金属
600616.SH,金枫酒业,食品饮料
600617.SH,国新能源,公用事业
600618.SH,氯碱化工,化工
600619.SH,海立股份,家用电器
600620.SH,天宸股份,综合
600621.SH,华鑫股份,房地产
600622.SH,光大嘉宝,房地产
600623.SH,华谊集团,化工
600624.SH,复旦复华,综合
600626.SH,申达股份,商业贸易
600628.SH,新世界,商业贸易
600629.SH,华建集团,建筑装饰
600630.SH,龙头股份,纺织服装
600633.SH,浙数文化,传媒
600634.SH,*ST富控,传媒
600635.SH,大众公用,公用事业
600636.SH,三爱富,化工
600637.SH,东方明珠,传媒
600638.SH,新黄浦,房地产
600639.SH,浦东金桥,房地产
600640.SH,号百控股,传媒
600641.SH,万业企业,房地产
600642.SH,申能股份,公用事业
600643.SH,爱建集团,非银金融
600644.SH,乐山电力,公用事业
600645.SH,中源协和,医药生物
600647.SH,同达创业,房地产
600648.SH,外高桥,房地产
600649.SH,城投控股,房地产
600650.SH,锦江投资,交通运输
600651.SH,飞乐音响,电子
600652.SH,游久游戏,传媒
600653.SH,申华控股,汽车
600654.SH,ST中安,计算机
600655.SH,豫园股份,商业贸易
600657.SH,信达地产,房地产
600658.SH,电子城,房地产
600660.SH,福耀玻璃,汽车
600661.SH,新南洋,传媒
600662.SH,强生控股,交通运输
600663.SH,陆家嘴,房地产
600664.SH,哈药股份,医药生物
600665.SH,天地源,房地产
600666.SH,奥瑞德,电子
600667.SH,太极实业,电子
600668.SH,尖峰集团,建筑材料
600671.SH,天目药业,医药生物
600673.SH,东阳光科,有色金属
600674.SH,川投能源,公用事业
600675.SH,中华企业,房地产
600676.SH,交运股份,汽车
600677.SH,航天通信,国防军工
600678.SH,四川金顶,建筑材料
600679.SH,上海凤凰,汽车
600680.SH,*ST上普,通信
600681.SH,百川能源,公用事业
600682.SH,南京新百,商业贸易
600683.SH,京投发展,房地产
600684.SH,珠江实业,房地产
600685.SH,中船防务,国防军工
600686.SH,金龙汽车,汽车
600687.SH,刚泰控股,有色金属
600688.SH,上海石化,化工
600689.SH,上海三毛,纺织服装
600690.SH,青岛海尔,家用电器
600691.SH,阳煤化工,化工
600692.SH,亚通股份,房地产
600693.SH,东百集团,商业贸易
600694.SH,大商股份,商业贸易
600695.SH,绿庭投资,非银金融
600696.SH,ST岩石,房地产
600697.SH,欧亚集团,商业贸易
600698.SH,湖南天雁,汽车
600699.SH,均胜电子,汽车
600701.SH,*ST工新,计算机
600702.SH,舍得酒业,食品饮料
600703.SH,三安光电,电子
600704.SH,物产中大,综合
600705.SH,中航资本,非银金融
600706.SH,曲江文旅,休闲服务
600707.SH,彩虹股份,电子
600708.SH,光明地产,房地产
600710.SH,苏美达,商业贸易
600711.SH,盛屯矿业,有色金属
600712.SH,南宁百货,商业贸易
600713.SH,南京医药,医药生物
600714.SH,金瑞矿业,化工
600715.SH,文投控股,传媒
600716.SH,凤凰股份,房地产
600717.SH,天津港,交通运输
600718.SH,东软集团,计算机
600719.SH,大连热电,公用事业
600720.SH,祁连山,建筑材料
600721.SH,百花村,医药生物
600722.SH,金牛化工,化工
600723.SH,首商股份,商业贸易
600724.SH,宁波富达,房地产
600725.SH,ST云维,采掘
600726.SH,华电能源,公用事业
600727.SH,鲁北化工,化工
600728.SH,佳都科技,计算机
600729.SH,重庆百货,商业贸易
600730.SH,中国高科,综合
600731.SH,湖南海利,化工
600732.SH,ST新梅,房地产
600733.SH,S蓝谷,汽车
600734.SH,实达集团,通信
600735.SH,新华锦,商业贸易
600736.SH,苏州高新,房地产
600737.SH,中粮糖业,农林牧渔
600738.SH,兰州民百,商业贸易
600739.SH,辽宁成大,商业贸易
600740.SH,山西焦化,采掘
600741.SH,华域汽车,汽车
600742.SH,一汽富维,汽车
600743.SH,华远地产,房地产
600744.SH,华银电力,公用事业
600745.SH,闻泰科技,电子
600746.SH,江苏索普,化工
600747.SH,ST大控,综合
600748.SH,上实发展,房地产
600749.SH,*ST藏旅,休闲服务
600750.SH,江中药业,医药生物
600751.SH,海航科技,电子
600753.SH,东方银星,商业贸易
600754.SH,锦江股份,休闲服务
600755.SH,厦门国贸,商业贸易
600756.SH,浪潮软件,计算机
600757.SH,长江传媒,传媒
600758.SH,红阳能源,采掘
600759.SH,洲际油气,采掘
600760.SH,中航沈飞,国防军工
600761.SH,安徽合力,机械设备
600763.SH,通策医疗,医药生物
600764.SH,中国海防,国防军工
600765.SH,中航重机,机械设备
600766.SH,园城黄金,有色金属
600767.SH,ST运盛,医药生物
600768.SH,宁波富邦,有色金属
600769.SH,祥龙电业,建筑装饰
600770.SH,综艺股份,综合
600771.SH,广誉远,医药生物
600773.SH,西藏城投,房地产
600774.SH,汉商集团,商业贸易
600775.SH,南京熊猫,通信
600776.SH,东方通信,通信
600777.SH,新潮能源,采掘
600778.SH,*ST友好,商业贸易
600779.SH,水井坊,食品饮料
600780.SH,通宝能源,公用事业
600781.SH,辅仁药业,医药生物
600782.SH,新钢股份,钢铁
600783.SH,鲁信创投,非银金融
600784.SH,鲁银投资,综合
600785.SH,新华百货,商业贸易
600787.SH,中储股份,交通运输
600789.SH,鲁抗医药,医药生物
600790.SH,轻纺城,商业贸易
600791.SH,京能置业,房地产
600792.SH,云煤能源,采掘
600793.SH,宜宾纸业,轻工制造
600794.SH,保税科技,交通运输
600795.SH,国电电力,公用事业
600796.SH,钱江生化,医药生物
600797.SH,浙大网新,计算机
600798.SH,宁波海运,交通运输
600800.SH,天津磁卡,计算机
600801.SH,华新水泥,建筑材料
600802.SH,福建水泥,建筑材料
600803.SH,新奥股份,公用事业
600804.SH,鹏博士,通信
600805.SH,悦达投资,综合
600807.SH,*ST天业,房地产
600808.SH,马钢股份,钢铁
600809.SH,山西汾酒,食品饮料
600810.SH,神马股份,化工
600811.SH,东方集团,综合
600812.SH,华北制药,医药生物
600814.SH,杭州解百,商业贸易
600815.SH,厦工股份,机械设备
600816.SH,安信信托,非银金融
600817.SH,ST宏盛,综合
600818.SH,中路股份,综合
600819.SH,耀皮玻璃,建筑材料
600820.SH,隧道股份,建筑装饰
600821.SH,津劝业,商业贸易
600822.SH,上海物贸,商业贸易
600823.SH,世茂股份,房地产
600824.SH,益民集团,商业贸易
600825.SH,新华传媒,传媒
600826.SH,兰生股份,商业贸易
600827.SH,百联股份,商业贸易
600828.SH,茂业商业,商业贸易
600829.SH,人民同泰,医药生物
600830.SH,香溢融通,非银金融
600831.SH,广电网络,传媒
600833.SH,第一医药,医药生物
600834.SH,申通地铁,交通运输
600835.SH,上海机电,机械设备
600836.SH,界龙实业,轻工制造
600837.SH,海通证券,非银金融
600838.SH,上海九百,商业贸易
600839.SH,四川长虹,家用电器
600841.SH,上柴股份,机械设备
600843.SH,上工申贝,机械设备
600844.SH,丹化科技,化工
600845.SH,宝信软件,计算机
600846.SH,同济科技,建筑装饰
600847.SH,万里股份,电气设备
600848.SH,上海临港,房地产
600850.SH,华东电脑,计算机
600851.SH,海欣股份,医药生物
600853.SH,龙建股份,建筑装饰
600854.SH,春兰股份,家用电器
600855.SH,航天长峰,计算机
600856.SH,中天能源,公用事业
600857.SH,宁波中百,商业贸易
600858.SH,银座股份,商业贸易
600859.SH,王府井,商业贸易
600860.SH,京城股份,机械设备
600861.SH,北京城乡,商业贸易
600862.SH,中航高科,国防军工
600863.SH,内蒙华电,公用事业
600864.SH,哈投股份,非银金融
600865.SH,百大集团,商业贸易
600866.SH,星湖科技,食品饮料
600867.SH,通化东宝,医药生物
600868.SH,梅雁吉祥,公用事业
600869.SH,智慧能源,电气设备
600870.SH,*ST厦华,家用电器
600871.SH,*ST油服,采掘
600872.SH,中炬高新,食品饮料
600873.SH,梅花生物,农林牧渔
600874.SH,创业环保,公用事业
600875.SH,东方电气,电气设备
600876.SH,洛阳玻璃,建筑材料
600877.SH,ST嘉陵,汽车
600879.SH,航天电子,国防军工
600880.SH,博瑞传播,传媒
600881.SH,亚泰集团,建筑材料
600882.SH,广泽股份,食品饮料
600883.SH,博闻科技,建筑材料
600884.SH,杉杉股份,电子
600885.SH,宏发股份,电气设备
600886.SH,国投电力,公用事业
600887.SH,伊利股份,食品饮料
600888.SH,新疆众和,有色金属
600889.SH,南京化纤,化工
600890.SH,中房股份,房地产
600891.SH,秋林集团,轻工制造
600892.SH,大晟文化,传媒
600893.SH,航发动力,国防军工
600894.SH,广日股份,机械设备
600895.SH,张江高科,房地产
600896.SH,*ST海投,医药生物
600897.SH,厦门空港,交通运输
600898.SH,国美通讯,商业贸易
600900.SH,长江电力,公用事业
600901.SH,江苏租赁,非银金融
600903.SH,贵州燃气,公用事业
600908.SH,无锡银行,银行
600909.SH,华安证券,非银金融
600917.SH,重庆燃气,公用事业
600919.SH,江苏银行,银行
600926.SH,杭州银行,银行
600929.SH,湖南盐业,化工
600933.SH,爱柯迪,汽车
600936.SH,广西广电,传媒
600939.SH,重庆建工,建筑装饰
600958.SH,东方证券,非银金融
600959.SH,江苏有线,传媒
600960.SH,渤海汽车,汽车
600961.SH,株冶集团,有色金属
600962.SH,国投中鲁,农林牧渔
600963.SH,岳阳林纸,轻工制造
600965.SH,福成股份,农林牧渔
600966.SH,博汇纸业,轻工制造
600967.SH,内蒙一机,国防军工
600969.SH,郴电国际,公用事业
600970.SH,中材国际,建筑装饰
600971.SH,恒源煤电,采掘
600973.SH,宝胜股份,电气设备
600975.SH,新五丰,农林牧渔
600976.SH,健民集团,医药生物
600977.SH,中国电影,传媒
600978.SH,宜华生活,轻工制造
600979.SH,广安爱众,公用事业
600980.SH,北矿科技,有色金属
600981.SH,汇鸿集团,商业贸易
600982.SH,宁波热电,公用事业
600983.SH,惠而浦,家用电器
600984.SH,建设机械,机械设备
600985.SH,雷鸣科化,化工
600986.SH,科达股份,传媒
600987.SH,航民股份,纺织服装
600988.SH,赤峰黄金,有色金属
600990.SH,四创电子,国防军工
600992.SH,贵绳股份,机械设备
600993.SH,马应龙,医药生物
600995.SH,文山电力,公用事业
600996.SH,贵广网络,传媒
600997.SH,开滦股份,采掘
600998.SH,九州通,医药生物
600999.SH,招商证券,非银金融
601000.SH,唐山港,交通运输
601001.SH,大同煤业,采掘
601002.SH,晋亿实业,机械设备
601003.SH,柳钢股份,钢铁
601005.SH,重庆钢铁,钢铁
601006.SH,大秦铁路,交通运输
601007.SH,金陵饭店,休闲服务
601008.SH,连云港,交通运输
601009.SH,南京银行,银行
601010.SH,文峰股份,商业贸易
601011.SH,宝泰隆,采掘
601012.SH,隆基股份,电气设备
601015.SH,陕西黑猫,采掘
601016.SH,节能风电,公用事业
601018.SH,宁波港,交通运输
601019.SH,山东出版,传媒
601020.SH,华钰矿业,有色金属
601021.SH,春秋航空,交通运输
601028.SH,玉龙股份,机械设备
601038.SH,一拖股份,机械设备
601058.SH,赛轮金宇,化工
601066.SH,中信建投,非银金融
601068.SH,中铝国际,建筑装饰
601069.SH,西部黄金,有色金属
601086.SH,国芳集团,商业贸易
601088.SH,中国神华,采掘
601098.SH,中南传媒,传媒
601099.SH,太平洋,非银金融
601100.SH,恒立液压,机械设备
601101.SH,昊华能源,采掘
601106.SH,中国一重,机械设备
601107.SH,四川成渝,交通运输
601108.SH,财通证券,非银金融
601111.SH,中国国航,交通运输
601113.SH,华鼎股份,化工
601116.SH,三江购物,商业贸易
601117.SH,中国化学,建筑装饰
601118.SH,海南橡胶,农林牧渔
601126.SH,四方股份,电气设备
601127.SH,小康股份,汽车
601128.SH,常熟银行,银行
601137.SH,博威合金,有色金属
601138.SH,工业富联,电子
601139.SH,深圳燃气,公用事业
601155.SH,新城控股,房地产
601158.SH,重庆水务,公用事业
601163.SH,三角轮胎,化工
601166.SH,兴业银行,银行
601168.SH,西部矿业,有色金属
601169.SH,北京银行,银行
601177.SH,杭齿前进,机械设备
601179.SH,中国西电,电气设备
601186.SH,中国铁建,建筑装饰
601188.SH,龙江交通,交通运输
601198.SH,东兴证券,非银金融
601199.SH,江南水务,公用事业
601200.SH,上海环境,公用事业
601208.SH,东材科技,化工
601211.SH,国泰君安,非银金融
601212.SH,白银有色,有色金属
601216.SH,君正集团,化工
601218.SH,吉鑫科技,电气设备
601222.SH,林洋能源,电气设备
601225.SH,陕西煤业,采掘
601226.SH,华电重工,建筑装饰
601228.SH,广州港,交通运输
601229.SH,上海银行,银行
601231.SH,环旭电子,电子
601233.SH,桐昆股份,化工
601238.SH,广汽集团,汽车
601258.SH,庞大集团,汽车
601288.SH,农业银行,银行
601311.SH,骆驼股份,汽车
601318.SH,中国平安,非银金融
601326.SH,秦港股份,交通运输
601328.SH,交通银行,银行
601330.SH,绿色动力,公用事业
601333.SH,广深铁路,交通运输
601336.SH,新华保险,非银金融
601339.SH,百隆东方,纺织服装
601360.SH,三六零,计算机
601366.SH,利群股份,商业贸易
601368.SH,绿城水务,公用事业
601369.SH,陕鼓动力,机械设备
601375.SH,中原证券,非银金融
601377.SH,兴业证券,非银金融
601388.SH,怡球资源,有色金属
601390.SH,中国中铁,建筑装饰
601398.SH,工商银行,银行
601500.SH,通用股份,化工
601515.SH,东风股份,轻工制造
601518.SH,吉林高速,交通运输
601519.SH,大智慧,计算机
601555.SH,东吴证券,非银金融
601558.SH,ST锐电,电气设备
601566.SH,九牧王,纺织服装
601567.SH,三星医疗,电气设备
601579.SH,会稽山,食品饮料
601588.SH,北辰实业,房地产
601595.SH,上海电影,传媒
601599.SH,鹿港文化,纺织服装
601600.SH,中国铝业,有色金属
601601.SH,中国太保,非银金融
601606.SH,长城军工,国防军工
601607.SH,上海医药,医药生物
601608.SH,中信重工,机械设备
601611.SH,中国核建,建筑装饰
601616.SH,广电电气,电气设备
601618.SH,中国中冶,建筑装饰
601619.SH,嘉泽新能,公用事业
601628.SH,中国人寿,非银金融
601633.SH,长城汽车,汽车
601636.SH,旗滨集团,建筑材料
601666.SH,平煤股份,采掘
601668.SH,中国建筑,建筑装饰
601669.SH,中国电建,建筑装饰
601677.SH,明泰铝业,有色金属
601678.SH,滨化股份,化工
601688.SH,华泰证券,非银金融
601689.SH,拓普集团,汽车
601699.SH,潞安环能,采掘
601700.SH,风范股份,电气设备
601717.SH,郑煤机,机械设备
601718.SH,际华集团,纺织服装
601727.SH,上海电气,电气设备
601766.SH,中国中车,机械设备
601777.SH,力帆股份,汽车
601788.SH,光大证券,非银金融
601789.SH,宁波建工,建筑装饰
601798.SH,*ST蓝科,机械设备
601799.SH,星宇股份,汽车
601800.SH,中国交建,建筑装饰
601801.SH,皖新传媒,传媒
601808.SH,中海油服,采掘
601811.SH,新华文轩,传媒
601818.SH,光大银行,银行
601828.SH,美凯龙,商业贸易
601838.SH,成都银行,银行
601857.SH,中国石油,采掘
601858.SH,中国科传,传媒
601866.SH,中远海发,交通运输
601869.SH,长飞光纤,通信
601872.SH,招商轮船,交通运输
601877.SH,正泰电器,电气设备
601878.SH,浙商证券,非银金融
601880.SH,大连港,交通运输
601881.SH,中国银河,非银金融
601882.SH,海天精工,机械设备
601886.SH,江河集团,建筑装饰
601888.SH,中国国旅,休闲服务
601890.SH,亚星锚链,国防军工
601898.SH,中煤能源,采掘
601899.SH,紫金矿业,有色金属
601900.SH,南方传媒,传媒
601901.SH,方正证券,非银金融
601908.SH,京运通,电气设备
601918.SH,新集能源,采掘
601919.SH,中远海控,交通运输
601928.SH,凤凰传媒,传媒
601929.SH,吉视传媒,传媒
601933.SH,永辉超市,商业贸易
601939.SH,建设银行,银行
601949.SH,中国出版,传媒
601952.SH,苏垦农发,农林牧渔
601958.SH,金钼股份,有色金属
601965.SH,中国汽研,汽车
601966.SH,玲珑轮胎,化工
601968.SH,宝钢包装,轻工制造
601969.SH,海南矿业,采掘
601985.SH,中国核电,公用事业
601988.SH,中国银行,银行
601989.SH,中国重工,国防军工
601990.SH,南京证券,非银金融
601991.SH,大唐发电,公用事业
601992.SH,金隅集团,综合
601996.SH,丰林集团,轻工制造
601997.SH,贵阳银行,银行
601998.SH,中信银行,银行
601999.SH,出版传媒,传媒
603000.SH,人民网,传媒
603001.SH,奥康国际,纺织服装
603002.SH,宏昌电子,化工
603003.SH,龙宇燃油,化工
603005.SH,晶方科技,电子
603006.SH,联明股份,汽车
603007.SH,花王股份,建筑装饰
603008.SH,喜临门,轻工制造
603009.SH,北特科技,汽车
603010.SH,万盛股份,化工
603011.SH,合锻智能,机械设备
603012.SH,创力集团,机械设备
603013.SH,亚普股份,汽车
603015.SH,弘讯科技,电气设备
603016.SH,新宏泰,电气设备
603017.SH,中衡设计,建筑装饰
603018.SH,中设集团,建筑装饰
603019.SH,中科曙光,计算机
603020.SH,爱普股份,食品饮料
603021.SH,山东华鹏,轻工制造
603022.SH,新通联,轻工制造
603023.SH,威帝股份,汽车
603025.SH,大豪科技,电气设备
603026.SH,石大胜华,化工
603027.SH,千禾味业,食品饮料
603028.SH,赛福天,机械设备
603029.SH,天鹅股份,机械设备
603030.SH,全筑股份,建筑装饰
603031.SH,安德利,食品饮料
603032.SH,德新交运,交通运输
603033.SH,三维股份,化工
603035.SH,常熟汽饰,汽车
603036.SH,如通股份,机械设备
603037.SH,凯众股份,汽车
603038.SH,华立股份,建筑材料
603039.SH,泛微网络,计算机
603040.SH,新坐标,汽车
603041.SH,美思德,化工
603042.SH,华脉科技,通信
603043.SH,广州酒家,食品饮料
603045.SH,福达合金,有色金属
603050.SH,科林电气,电气设备
603055.SH,台华新材,化工
603056.SH,德邦股份,交通运输
603058.SH,永吉股份,轻工制造
603059.SH,倍加洁,轻工制造
603060.SH,国检集团,综合
603063.SH,禾望电气,电气设备
603066.SH,音飞储存,交通运输
603067.SH,振华股份,化工
603069.SH,海汽集团,交通运输
603076.SH,乐惠国际,机械设备
603077.SH,和邦生物,化工
603078.SH,江化微,化工
603079.SH,圣达生物,医药生物
603080.SH,新疆火炬,公用事业
603081.SH,大丰实业,建筑装饰
603083.SH,剑桥科技,通信
603085.SH,天成自控,汽车
603086.SH,先达股份,化工
603088.SH,宁波精达,机械设备
603089.SH,正裕工业,汽车
603090.SH,宏盛股份,机械设备
603096.SH,新经典,传媒
603098.SH,森特股份,建筑装饰
603099.SH,长白山,休闲服务
603100.SH,川仪股份,电气设备
603101.SH,汇嘉时代,商业贸易
603103.SH,横店影视,传媒
603105.SH,芯能科技,电气设备
603106.SH,恒银金融,计算机
603108.SH,润达医疗,医药生物
603110.SH,东方材料,化工
603111.SH,康尼机电,机械设备
603113.SH,金能科技,采掘
603116.SH,红蜻蜓,纺织服装
603117.SH,万林股份,交通运输
603118.SH,共进股份,通信
603123.SH,翠微股份,商业贸易
603126.SH,中材节能,公用事业
603127.SH,昭衍新药,医药生物
603128.SH,华贸物流,交通运输
603129.SH,春风动力,汽车
603131.SH,上海沪工,机械设备
603133.SH,碳元科技,化工
603136.SH,天目湖,休闲服务
603138.SH,海量数据,计算机
603139.SH,康惠制药,医药生物
603156.SH,养元饮品,食品饮料
603157.SH,拉夏贝尔,纺织服装
603158.SH,腾龙股份,汽车
603159.SH,上海亚虹,机械设备
603160.SH,汇顶科技,电子
603161.SH,科华控股,汽车
603165.SH,荣晟环保,轻工制造
603166.SH,福达股份,汽车
603167.SH,渤海轮渡,交通运输
603168.SH,莎普爱思,医药生物
603169.SH,兰石重装,机械设备
603177.SH,德创环保,公用事业
603178.SH,圣龙股份,汽车
603179.SH,新泉股份,汽车
603180.SH,金牌厨柜,轻工制造
603181.SH,皇马科技,化工
603183.SH,建研院,综合
603186.SH,华正新材,电子
603188.SH,ST亚邦,化工
603189.SH,网达软件,计算机
603192.SH,汇得科技,化工
603196.SH,日播时尚,纺织服装
603197.SH,保隆科技,汽车
603198.SH,迎驾贡酒,食品饮料
603199.SH,九华旅游,休闲服务
603200.SH,上海洗霸,公用事业
603203.SH,快克股份,机械设备
603208.SH,江山欧派,轻工制造
603214.SH,爱婴室,商业贸易
603218.SH,日月股份,电气设备
603222.SH,济民制药,医药生物
603223.SH,恒通股份,交通运输
603225.SH,新凤鸣,化工
603226.SH,菲林格尔,轻工制造
603227.SH,雪峰科技,化工
603228.SH,景旺电子,电子
603229.SH,奥翔药业,医药生物
603232.SH,格尔软件,计算机
603233.SH,大参林,医药生物
603238.SH,诺邦股份,纺织服装
603239.SH,浙江仙通,汽车
603258.SH,电魂网络,传媒
603259.SH,药明康德,医药生物
603260.SH,合盛硅业,有色金属
603266.SH,天龙股份,化工
603268.SH,松发股份,轻工制造
603269.SH,海鸥股份,机械设备
603277.SH,银都股份,机械设备
603278.SH,大业股份,机械设备
603283.SH,赛腾股份,机械设备
603286.SH,日盈电子,汽车
603288.SH,海天味业,食品饮料
603289.SH,泰瑞机器,机械设备
603298.SH,杭叉集团,机械设备
603299.SH,井神股份,化工
603300.SH,华铁科技,非银金融
603301.SH,振德医疗,医药生物
603303.SH,得邦照明,电子
603305.SH,旭升股份,汽车
603306.SH,华懋科技,汽车
603308.SH,应流股份,机械设备
603309.SH,维力医疗,医药生物
603311.SH,金海环境,机械设备
603313.SH,梦百合,轻工制造
603315.SH,福鞍股份,机械设备
603316.SH,诚邦股份,建筑装饰
603318.SH,派思股份,机械设备
603319.SH,湘油泵,汽车
603320.SH,迪贝电气,电气设备
603321.SH,梅轮电梯,机械设备
603322.SH,超讯通信,通信
603323.SH,吴江银行,银行
603326.SH,我乐家居,轻工制造
603328.SH,依顿电子,电子
603329.SH,上海雅仕,交通运输
603330.SH,上海天洋,化工
603331.SH,百达精工,机械设备
603333.SH,明星电缆,电气设备
603335.SH,迪生力,汽车
603336.SH,宏辉果蔬,农林牧渔
603337.SH,杰克股份,机械设备
603338.SH,浙江鼎力,机械设备
603339.SH,四方科技,机械设备
603345.SH,安井食品,食品饮料
603348.SH,文灿股份,汽车
603355.SH,莱克电气,家用电器
603356.SH,华菱精工,机械设备
603357.SH,设计总院,建筑装饰
603358.SH,华达科技,汽车
603359.SH,东珠生态,建筑装饰
603360.SH,百傲化学,化工
603363.SH,傲农生物,农林牧渔
603365.SH,水星家纺,纺织服装
603366.SH,日出东方,家用电器
603367.SH,辰欣药业,医药生物
603368.SH,柳药股份,医药生物
603369.SH,今世缘,食品饮料
603377.SH,东方时尚,汽车
603378.SH,亚士创能,化工
603380.SH,易德龙,电子
603383.SH,顶点软件,计算机
603385.SH,惠达卫浴,轻工制造
603386.SH,广东骏亚,电子
603387.SH,基蛋生物,医药生物
603388.SH,元成股份,建筑装饰
603389.SH,亚振家居,轻工制造
603393.SH,新天然气,公用事业
603396.SH,金辰股份,电气设备
603398.SH,邦宝益智,轻工制造
603399.SH,吉翔股份,有色金属
603416.SH,信捷电气,电气设备
603421.SH,鼎信通讯,通信
603429.SH,集友股份,轻工制造
603444.SH,吉比特,传媒
603456.SH,九洲药业,医药生物
603458.SH,勘设股份,建筑装饰
603466.SH,风语筑,建筑装饰
603477.SH,振静股份,纺织服装
603486.SH,科沃斯,家用电器
603488.SH,展鹏科技,电气设备
603496.SH,恒为科技,计算机
603499.SH,翔港科技,轻工制造
603500.SH,祥和实业,机械设备
603501.SH,韦尔股份,电子
603505.SH,金石资源,采掘
603506.SH,南都物业,房地产
603507.SH,振江股份,电气设备
603508.SH,思维列控,计算机
603515.SH,欧普照明,电子
603516.SH,淳中科技,计算机
603517.SH,绝味食品,食品饮料
603518.SH,维格娜丝,纺织服装
603519.SH,立霸股份,家用电器
603520.SH,司太立,医药生物
603527.SH,众源新材,有色金属
603528.SH,多伦科技,汽车
603533.SH,掌阅科技,传媒
603535.SH,嘉诚国际,交通运输
603536.SH,惠发股份,食品饮料
603538.SH,美诺华,医药生物
603555.SH,贵人鸟,纺织服装
603556.SH,海兴电力,机械设备
603557.SH,起步股份,纺织服装
603558.SH,健盛集团,纺织服装
603559.SH,中通国脉,通信
603566.SH,普莱柯,农林牧渔
603567.SH,珍宝岛,医药生物
603568.SH,伟明环保,公用事业
603569.SH,长久物流,交通运输
603577.SH,汇金通,电气设备
603578.SH,三星新材,家用电器
603579.SH,荣泰健康,家用电器
603580.SH,艾艾精工,化工
603585.SH,苏利股份,化工
603586.SH,金麒麟,汽车
603587.SH,地素时尚,纺织服装
603588.SH,高能环境,公用事业
603589.SH,口子窖,食品饮料
603590.SH,康辰药业,医药生物
603595.SH,东尼电子,电子
603596.SH,伯特利,汽车
603598.SH,引力传媒,传媒
603599.SH,广信股份,化工
603600.SH,永艺股份,轻工制造
603601.SH,再升科技,化工
603602.SH,纵横通信,通信
603603.SH,博天环境,公用事业
603605.SH,珀莱雅,化工
603606.SH,东方电缆,电气设备
603607.SH,京华激光,轻工制造
603608.SH,天创时尚,纺织服装
603609.SH,禾丰牧业,农林牧渔
603611.SH,诺力股份,机械设备
603612.SH,索通发展,有色金属
603615.SH,茶花股份,化工
603616.SH,韩建河山,建筑材料
603617.SH,君禾股份,机械设备
603618.SH,杭电股份,电气设备
603619.SH,中曼石油,采掘
603626.SH,科森科技,机械设备
603628.SH,清源股份,电气设备
603630.SH,拉芳家化,化工
603633.SH,徕木股份,电子
603636.SH,南威软件,计算机
603637.SH,镇海股份,建筑装饰
603638.SH,艾迪精密,机械设备
603639.SH,海利尔,化工
603648.SH,畅联股份,交通运输
603650.SH,彤程新材,化工
603655.SH,朗博科技,汽车
603656.SH,泰禾光电,机械设备
603657.SH,春光科技,家用电器
603658.SH,安图生物,医药生物
603659.SH,璞泰来,电子
603660.SH,苏州科达,计算机
603661.SH,恒林股份,轻工制造
603663.SH,三祥新材,有色金属
603665.SH,康隆达,纺织服装
603666.SH,亿嘉和,机械设备
603667.SH,五洲新春,机械设备
603668.SH,天马科技,农林牧渔
603669.SH,灵康药业,医药生物
603676.SH,卫信康,医药生物
603677.SH,奇精机械,家用电器
603678.SH,火炬电子,电子
603679.SH,华体科技,电子
603680.SH,今创集团,机械设备
603683.SH,晶华新材,化工
603685.SH,晨丰科技,电子
603686.SH,龙马环卫,机械设备
603688.SH,石英股份,有色金属
603689.SH,皖天然气,公用事业
603690.SH,至纯科技,机械设备
603693.SH,江苏新能,公用事业
603696.SH,安记食品,食品饮料
603698.SH,航天工程,建筑装饰
603699.SH,纽威股份,机械设备
603701.SH,德宏股份,汽车
603703.SH,盛洋科技,通信
603706.SH,东方环宇,公用事业
603707.SH,健友股份,医药生物
603708.SH,家家悦,商业贸易
603709.SH,中源家居,轻工制造
603711.SH,香飘飘,食品饮料
603712.SH,七一二,通信
603713.SH,密尔克卫,交通运输
603716.SH,塞力斯,医药生物
603717.SH,天域生态,建筑装饰
603718.SH,海利生物,农林牧渔
603721.SH,中广天择,传媒
603722.SH,阿科力,化工
603725.SH,天安新材,建筑材料
603726.SH,朗迪集团,家用电器
603727.SH,博迈科,采掘
603728.SH,鸣志电器,电气设备
603729.SH,龙韵股份,传媒
603730.SH,岱美股份,汽车
603733.SH,仙鹤股份,轻工制造
603737.SH,三棵树,化工
603738.SH,泰晶科技,电子
603757.SH,大元泵业,机械设备
603758.SH,秦安股份,汽车
603766.SH,隆鑫通用,汽车
603767.SH,中马传动,汽车
603768.SH,常青股份,汽车
603773.SH,沃格光电,电子
603776.SH,永安行,汽车
603777.SH,来伊份,食品饮料
603778.SH,乾景园林,建筑装饰
603779.SH,威龙股份,食品饮料
603787.SH,新日股份,汽车
603788.SH,宁波高发,汽车
603789.SH,星光农机,机械设备
603797.SH,联泰环保,公用事业
603798.SH,康普顿,化工
603799.SH,华友钴业,有色金属
603800.SH,道森股份,机械设备
603801.SH,志邦家居,轻工制造
603803.SH,瑞斯康达,通信
603806.SH,福斯特,电气设备
603808.SH,歌力思,纺织服装
603809.SH,豪能股份,汽车
603811.SH,诚意药业,医药生物
603813.SH,原尚股份,交通运输
603816.SH,顾家家居,轻工制造
603817.SH,海峡环保,公用事业
603818.SH,曲美家居,轻工制造
603819.SH,神力股份,电气设备
603822.SH,嘉澳环保,化工
603823.SH,百合花,化工
603825.SH,华扬联众,传媒
603826.SH,坤彩科技,有色金属
603828.SH,柯利达,建筑装饰
603829.SH,洛凯股份,电气设备
603833.SH,欧派家居,轻工制造
603838.SH,四通股份,轻工制造
603839.SH,安正时尚,纺织服装
603843.SH,正平股份,建筑装饰
603848.SH,好太太,轻工制造
603855.SH,华荣股份,机械设备
603856.SH,东宏股份,建筑材料
603858.SH,步长制药,医药生物
603859.SH,能科股份,电气设备
603860.SH,中公高科,建筑装饰
603861.SH,白云电器,电气设备
603866.SH,桃李面包,食品饮料
603868.SH,飞科电器,家用电器
603869.SH,新智认知,休闲服务
603871.SH,嘉友国际,交通运输
603876.SH,鼎胜新材,有色金属
603877.SH,太平鸟,纺织服装
603878.SH,武进不锈,钢铁
603879.SH,永悦科技,化工
603880.SH,南卫股份,医药生物
603881.SH,数据港,计算机
603882.SH,金域医学,医药生物
603883.SH,老百姓,医药生物
603885.SH,吉祥航空,交通运输
603886.SH,元祖股份,食品饮料
603887.SH,城地股份,建筑装饰
603888.SH,新华网,传媒
603889.SH,新澳股份,纺织服装
603890.SH,春秋电子,电子
603895.SH,天永智能,机械设备
603896.SH,寿仙谷,医药生物
603897.SH,长城科技,电气设备
603898.SH,好莱客,轻工制造
603899.SH,晨光文具,轻工制造
603900.SH,莱绅通灵,商业贸易
603901.SH,永创智能,机械设备
603903.SH,中持股份,公用事业
603906.SH,龙蟠科技,化工
603908.SH,牧高笛,纺织服装
603909.SH,合诚股份,建筑装饰
603912.SH,佳力图,机械设备
603916.SH,苏博特,化工
603917.SH,合力科技,汽车
603918.SH,金桥信息,计算机
603919.SH,金徽酒,食品饮料
603920.SH,世运电路,电子
603922.SH,金鸿顺,汽车
603926.SH,铁流股份,汽车
603928.SH,兴业股份,化工
603929.SH,亚翔集成,建筑装饰
603933.SH,睿能科技,电子
603936.SH,博敏电子,电子
603937.SH,丽岛新材,建筑材料
603938.SH,三孚股份,化工
603939.SH,益丰药房,医药生物
603955.SH,大千生态,建筑装饰
603958.SH,哈森股份,纺织服装
603959.SH,百利科技,建筑装饰
603960.SH,克来机电,机械设备
603963.SH,大理药业,医药生物
603966.SH,法兰泰克,机械设备
603968.SH,醋化股份,化工
603969.SH,银龙股份,机械设备
603970.SH,中农立华,化工
603976.SH,正川股份,医药生物
603977.SH,国泰集团,化工
603978.SH,深圳新星,有色金属
603979.SH,金诚信,采掘
603980.SH,吉华集团,化工
603985.SH,恒润股份,机械设备
603986.SH,兆易创新,电子
603987.SH,康德莱,医药生物
603988.SH,中电电机,电气设备
603989.SH,艾华集团,电子
603990.SH,麦迪科技,计算机
603991.SH,至正股份,化工
603993.SH,洛阳钼业,有色金属
603996.SH,中新科技,家用电器
603997.SH,继峰股份,汽车
603998.SH,方盛制药,医药生物
603999.SH,读者传媒,传媒
,,
数据来源：Wind,,
